OP,NOMBRE DE PRODUCTO (IGUAL A LA OP),LOTE,¿BR COMPLETO?,OBSERVACIONES ,UBICACIÓN ASIGNADA,,,,,,
25116,ANAPIRAN ,503AN06,SI,,1,,,,,,
25071,ANAPIRAN,502AN05,NO,Pendiente inspección y formato cierre ,1,,,,,,
24069,DILUENTE AUROCEF ,403CF01,NO,Pendiente por cerrar ,4,,,,,,
25043,AURODIARREGAN NF,509DN01,SI,Pendiente firma c ruge ,5,,,,,,
24363,AUROCEF,412CF03,NO,"Pendiente por cerrar , se encontró durante el inventario ",5,,,,,,
25259,AUROCEF,505CF02,NO,"Pendiente por cerrar , tiene la inspeccion del diluente tambien es necesario buscar BR  del diluente , se da la instruccion de guardarlos juntos pero no revueltos",5,,,,,,
26012,AUROFARVIT INYECTABLE ,602FI02,SI,Pendiente firma c ruge y dt ,7,,,,,,
25252,AUROFARVIT ORAL,506FO10,SI,Falta firma c.ruge,11,,,,,,
25251,AUROFARVIT ORAL,506FO09,SI,Pendiente firma c ruge,11,,,,,,
25253,AUROFARVIT ORAL ,506FO11,SI,Pendiente firma c ruge ,11,,,,,,
25334,AUROFARVIT ORAL ,510FO13,SI,Pendiente firma c ruge ,17,,,,,,
25438,AUROFARVIT ORAL,511FO16,SI,Pendiente firma c ruge ,19,,,,,,
25336,AUROFARVIT ORAL,510FO15,SI,Pendiente firma c ruge ,19,,,,,,
25440,AUROFARVIT ORAL,511FO18,SI,Pendiente firma c ruge,20,,,,,,
25439,AUROFARVIT ORAL,511FO17,SI,Pendiente firma c ruge ,20,,,,,,
25330,AUROMECK INYECTABLE,509AM02,SI,Pendiente firma c ruge ,22,,,,,,
26001,AUROMECK INYECTABLE ,601AM01,SI,Pendiente firma c ruge ,22,,,,,,
25417,AUROTEL,509AU03,SI,Pendiente firma c ruge ,26,,,,,,
25126,AUROTILMICOSIN ,509AT01,SI,Pendiente firma c ruge ,27,,,,,,
25001,BOLDEBIG 50 ,502BO01,NO,Pendiente inspección ,36,,,,,,
25102,BOLDEBIG 50,502BO02,NO,Falta inspección ,37,,,,,,
25362,CIPERMETRINA ,509CI15,SI,Pendiente firma c ruge ,43,,,,,,
25165,CIPERMETRINA ,503CI06,SI,,43,,,,,,
25366,CIPERMETRINA ,509CI16,SI,Pendiente firma c ruge ,48,,,,,,
25388,CIPERMETRINA ,510CI19,SI,Pendiente firma c ruge ,49,,,,,,
25389,CIPERMETRINA ,510CI20,SI,Pendiente firma c ruge ,54,,,,,,
25390,CIPERMETRINA ,510CI21,SI,Pendiente firma c ruge ,54,,,,,,
24152,CREO-TAY ,407CT06,SI,,57,,,,,,
24192,CREO-TAY ,409CT08,SI,,57,,,,,,
25055,CREO-TAY ,504CT02,SI,,57,,,,,,
25056,CREO-TAY ,505CT03,SI,,62,,,,,,
25058,CREO-TAY ,502CT01,SI,,63,,,,,,
23183,Q-IVERMEC 3.5,309QI04,SI,,66,,,,,,
23146,Q-IVERMEC 3.5,305QI03,SI,,66,,,,,,
23128,Q-IVERMEC 3.5,305QI02,SI,"Se evidenció testigos de AUROMECK , con lote 305AM02 dentro del paquete 
Se debe arreglar.",66,,,,,,
23013,Q-IVERMEC 3.5,303QI01,SI,,66,,,,,,
25022,Q-IVERMEC 3.5,502QI01,SI,,67,,,,,,
24265,Q-IVERMEC 3.5,409QI02,NO,Pendiente cerrar BR,67,,,,,,
241,Q-IVERMEC 3.5,410QI03,NO,"Falta cerrar e inspección , digitar numero de op correctamente",67,,,,,,
24087,Q-IVERMEC 3.5,407QI01,NO,Falta carpeta y firmas de DT y DC,67,,,,,,
26002,Q-IVERMEC 3.5,601QI01,SI,Pendiente firma c.ruge,68,,,,,,
25332,Q-IVERMEC 3.5,509QI03,SI,Pendiente firma c ruge,68,,,,,,
25236,Q-IVERMEC 3.5,506QI02,SI,,68,,,,,,
23015,SULFATROPHIN INYECTABLE ,305SI02,SI,,69,,,,,,
24057,SULFATROPHIN INYECTABLE ,404SI01-2,NO,"Existen  5 BR con el mismo lote pero con guion al final. desde el 1 hasta el 5 , ninguno tiene inspecciones o portada , todos en sobre manila",69,,,,,,
24057,SULFATROPHIN INYECTABLE ,404SI01-3,NO,"Existen  5 BR con el mismo lote pero con guion al final. desde el 1 hasta el 5 , ninguno tiene inspecciones o portada , todos en sobre manila",69,,,,,,
23002,SULFATROPHIN INYECTABLE ,301SI01,SI,"2 inspecciónes diferentes tienen consecutivo 005-23, ambas están anexas.",69,,,,,,
24057,SULFATROPHIN INYECTABLE ,404SI01-1,NO,"Existen  5 BR con el mismo lote pero con guion al final. desde el 1 hasta el 5 , ninguno tiene inspecciones o portada , todos en sobre manila",70,,,,,,
25086,SULFATROPHIN INYECTABLE ,506SI02,SI,Pendiente firma j Benavides ,70,,,,,,
24057,SULFATROPHIN INYECTABLE ,404SI01-4,NO,"Existen  5 BR con el mismo lote pero con guion al final. desde el 1 hasta el 5 , ninguno tiene inspecciones o portada , todos en sobre manila",70,,,,,,
24057,SULFATROPHIN INYECTABLE ,404SI01-5,NO,"Existen  5 BR con el mismo lote pero con guion al final. desde el 1 hasta el 5 , ninguno tiene inspecciones o portada , todos en sobre manila",70,,,,,,
25333,SULFATROPHIN INYECTABLE ,510SI04,SI,Pendiente firma c.ruge,71,,,,,,
25408,SULFATROPHIN INYECTABLE ,510SI05,SI,Pendiente firma c ruge ,71,,,,,,
25156,SULFATROPHIN INYECTABLE ,503SI01,SI,,71,,,,,,
25301,SULFATROPHIN INYECTABLE ,506SI03,SI,,71,,,,,,
25443,SULFATROPHIN INYECTABLE,511SI06,SI,Pendiente firma c.ruge,72,,,,,,
25451,CIPERMETRINA ,512CI25,SI,Pendiente firma c ruge ,73,,,,,,
25397,CIPERMETRINA ,510CI22,SI,Pendiente firma c ruge ,73,,,,,,
25392,CIPERMETRINA,510CI23,SI,Pendiente firma c ruge ,73,,,,,,
25450,CIPERMETRINA ,512CI24,SI,Pendiente firma c ruge y n. ORTEGA ,73,,,,,,
26018,CIPERMETRINA,602CI03,SI,Pendiente firma c ruge,74,,,,,,
26016,CIPERMETRINA ,602CI01,SI,Pendiente firma c ruge ,74,,,,,,
25452,CIPERMETRINA ,512CI26,SI,Pendiente firma c ruge ,74,,,,,,
26017,CIPERMETRINA ,602CI02,SI,Pendiente firma c ruge ,74,,,,,,
26023,CIPERMETRINA ,603CI07,SI,Pendiente firma de C ruge,75,,,,,,
26020,CIPERMETRINA ,603CI04,SI,Pendiente firma c ruge ,75,,,,,,
OMP-00000095,CIPERMETRINA,604CI09,SI,Pendiente firma c ruge ,75,,,,,,
OMP-00000094,CIPERMETRINA ,604CI08,SI,Pendiente firma c ruge ,75,,,,,,
OMP-00000096,CIPERMETRINA ,604CI10,SI,Pendiente firma c ruge y dt ,76,,,,,,
OMP-00000098,CIPERMETRINA ,604CI12,SI,Pendiente firma c ruge y dt ,76,,,,,,
OMP-00000097,CIPERMETRINA ,604CI11,SI,Pendiente firma c ruge y dt ,76,,,,,,
25299,DOXYCOL,510DO04,SI,Pendiente firma de C ruge,77,,,,,,
25300,DOXYCOL,510DO05,SI,Pendiente firma c ruge ,77,,,,,,
25147,DOXYCOL,507DO03,SI,,77,,,,,,
25146,DOXYCOL,507DO02,NO,Pendiente inspección ,77,,,,,,
25347,DOXYCOL,510DO06,SI,Pendiente firma de C ruge,78,,,,,,
25405,DOXYCOL,510DO07,SI,Pendiente firma c ruge ,78,,,,,,
23031,Q-NORFLOXAN ,305NF01,SI,,79,,,,,,
24023,Q-NORFLOXAN ,402NF01,SI,,79,,,,,,
23201,Q-NORFLOXAN ,311NF03,SI,,79,,,,,,
23200,Q-NORFLOXAN ,310NF02,SI,,79,,,,,,
24045,Q-NORFLOXAN ,402NF03,SI,,80,,,,,,
24044,Q-NORFLOXAN ,402NF02,SI,,80,,,,,,
24249,Q-NORFLOXAN ,408NF05,SI,,80,,,,,,
24173,Q-NORFLOXAN ,407NF04,SI,,80,,,,,,
25129,Q-NORFLOXAN ,504NF02,SI,,81,,,,,,
25337,Q-NORFLOXAN ,509NF04,SI,,81,,,,,,
25130,Q-NORFLOXAN ,504NF03,SI,,81,,,,,,
25072,Q-NORFLOXAN ,502NF01,SI,,81,,,,,,
26003,Q-NORFLOXAN,601NF01,SI,Pendiente firma c ruge ,82,,,,,,
25338,Q-NORFLOXAN ,509NF05,SI,,82,,,,,,
25145,COCCIDIOL,510CO01,SI,Pendiente firma c ruge ,83,,,,,,
24130,FLORMIX ,404FX03,SI,,84,,,,,,
24110,FLORMIX ,404FX01,SI,,84,,,,,,
24129,FLORMIX ,404FX02,SI,,84,,,,,,
24211,FLORMIX ,408FX04,SI,,84,,,,,,
26027,FLORMIX,603FX03,SI,Pendiente firma c ruge ,85,,,,,,
25222,FLORMIX,504FX02,SI,,85,,,,,,
25221,FLORMIX ,504FX01,SI,,85,,,,,,
25277,AVICUR POLVO,510AC12,SI,"Pendiente firma c ruge (corregir), no se encuentra la segunda inspeccion fisica , se anexa una copia impresa, tiene el mismo numero de OP  que el lote 509AC11",86,,,,,,
25273,AVICUR POLVO,507AC10,SI,Pendiente firma c ruge ,86,,,,,,
24155,AVICUR POLVO,503AC09,NO,"Falta anexar inspección y portada , se cambio el lote a 505AC09",86,,,,,,
24462,AVICUR POLVO,412AC16,NO,Falta anexar inspección y formato cierre ,86,,,,,,
25394,FERRYDECK,510FD03,SI,Pendiente firma c ruge ,87,,,,,,
25234,FERRYDECK,504FD02,SI,,87,,,,,,
242,FERRYDECK ,408FD02,NO,"Falta cerrar e inspección , digitar numero de op correctamente",87,,,,,,
25025,FERRYDECK ,503FD01,SI,,87,,,,,,
25331,BOLDEBIG 50,508BO06,SI,Pendiente firma c ruge ,88,,,,,,
25406,BOLDEBIG 50,510BO07,SI,Pendiente firma c ruge ,88,,,,,,
23006,ERIPANTO INYECTABLE ,311EI03,SI,,89,,,,,,
23005,ERIPANTO INYECTABLE ,311EI02,SI,,89,,,,,,
23007,ERIPANTO INYECTABLE ,311EI04,SI,,89,,,,,,
23005,ERIPANTO INYECTABLE ,302EI01,SI,,89,,,,,,
25407,ERIPANTO INYECTABLE,510EI02,SI,Pendiente firma c ruge ,90,,,,,,
24262,ERIPANTO INYECTABLE ,409EI01,NO,Pendiente cerrar BR,90,,,,,,
25118,ERIPANTO INYECTABLE ,504EI01,SI,,90,,,,,,
25387,CIPERMETRINA 15 EC AUROFARMA ,510CI18,SI,Pendiente firma c ruge ,91,,,,,,
23056,PORCIX,302PO01,SI,,92,,,,,,
24017,PORCIX ,402PO01,SI,,92,,,,,,
23217,PORCIX ,309PO03,SI,,92,,,,,,
23147,PORCIX ,306PO02,SI,,92,,,,,,
25270,PORCIX,509PO03,SI,Pendiente firma c ruge ,93,,,,,,
25271,PORCIX,509PO04,SI,Pendiente firma c ruge ,93,,,,,,
25156,PORCIX,503PO02,NO,Pendiente formato cierre de BR,93,,,,,,
25017,PORCIX,502PO01,SI,,93,,,,,,
25385,PORCIX,510PO05,SI,Pendiente firma c ruge ,94,,,,,,
25442,MELOXIDOL,511ME04,SI,Pendiente firma c ruge ,95,,,,,,
25395,MELOXIDOL ,510ME03,SI,Pendiente firma c ruge ,95,,,,,,
23124,MELOXIDOL ,308ME01,SI,,95,,,,,,
23056,MELOXIDOL,405ME01,SI,,95,,,,,,
25449,MELOXIDOL ,511ME05,SI,Pendiente firma c ruge ,96,,,,,,
25289,Q-FOS 25,511FS05,SI,Pendiente firma c ruge ,97,,,,,,
25291,Q-FOS 25,511FS06,SI,"Pendiente firma de C ruge y dt , DIGITAR APT",97,,,,,,
24102,SULFATROPHIN ORAL ,406SO01,SI,,98,,,,,,
24204,SULFATROPHIN ORAL ,406SO02,SI,,98,,,,,,
23033,SULFATROPHIN ORAL ,305SO01,SI,,98,,,,,,
23213,SULFATROPHIN ORAL ,311SO02,SI,,98,,,,,,
25134,SULFATROPHIN ORAL ,503SO01,SI,,99,,,,,,
24360,SULFATROPHIN ORAL ,411SO04,SI,,99,,,,,,
24205,SULFATROPHIN ORAL ,409SO03,NO,"Falta portada, firmas , y la fecha de liberación no coincide ",99,,,,,,
25135,SULFATROPHIN ORAL ,503SO02,SI,,99,,,,,,
26004,SULFATROPHIN ORAL,601SO01,SI,Pendiente firma c ruge ,100,,,,,,
25436,AUROZOLE 25 CO,511AZ02,SI,Pendiente firma c ruge ,101,,,,,,
25223,AUROZOLE 25 CO ,507AZ01,SI,,101,,,,,,
24210,GLH-20,408GL08,SI,,102,,,,,,
24189,GLH-20,407GL06,SI,,102,,,,,,
24190,GLH-20 ,408GL07,SI,,102,,,,,,
25073,GLH-20,507GL03,NO,,102,,,,,,
25365,GLH-20,509GL05,SI,Pendiente firma c ruge ,103,,,,,,
25364,GLH-20,509GL04,SI,,103,,,,,,
25075,GLH-20,502GL01,SI,,103,,,,,,
23063,SULFACOCCIDIOL ,303SC01,SI,,104,,,,,,
24026,SULFACOCCIDIOL ,405SC01,SI,,104,,,,,,
23102,SULFACOCCIDIOL ,304SC02,SI,,104,,,,,,
23152,SULFACOCCIDIOL ,309SC05,SI,,104,,,,,,
25158,SULFACOCCIDIOL,507SC04,SI,Pendiente firma c ruge y dt ,105,,,,,,
25159,SULFACOCCIDIOL,504SC02,SI,,105,,,,,,
25185,SULFACOCCIDIOL,503SC03,SI,Pendiente firmas de DT y DC,105,,,,,,
24131,SULFACOCCIDIOL ,408SC02,SI,,105,,,,,,
25185,SULFACOCCIDIOL,507SC05,SI,Pendiente firma c ruge y dt,106,,,,,,
25288,SULFACOCCIDIOL,510SC06,SI,,106,,,,,,
25262,Q-FOS,507FS02,SI,Lo tiene sebas ,107,,,,,,
23230,PENIDEXINA ,309PS03,SI,Lo tiene sebas ,108,,,,,,
24196,PENIDEXINA ,408PS01,SI,,108,,,,,,
23120,PENIDEXINA ,306PS02,SI,,108,,,,,,
23070,PENIDEXINA ,302PS01,SI,,108,,,,,,
23062,Q MICOSPECTIN,304MC03,SI,,109,,,,,,
23061,Q MICOSPECTIN,304MC02,SI,,109,,,,,,
25028,Q-TARTILO 100,501TT02,SI,,110,,,,,,
25027,Q-TARTILO 100,501TT01,SI,,110,,,,,,
25029,Q-TARTILO 100 ,501TT03,SI,,110,,,,,,
24327,Q-TARTILO 100,410TT04,SI,,110,,,,,,
25225,Q-TARTILO 100,504TT04,SI,,111,,,,,,
25228,Q-TARTILO 100,504TT06,SI,,111,,,,,,
25308,Q-TARTILO 100,507TT07,SI,,111,,,,,,
25226,Q-TARTILO 100,504TT05,SI,,111,,,,,,
25368,Q-TARTILO 100 ,509TT10,SI,,112,,,,,,
25369,Q-TARTILO 100,509TT11,SI,,112,,,,,,
25309,Q-TARTILO 100,507TT08,SI,,112,,,,,,
25310,Q-TARTILO 100,507TT09,SI,,112,,,,,,
25370,Q-TARTILO 100,509TT12,SI,Pendiente firma c ruge ,113,,,,,,
25425,Q-TARTILO 100,511TT14,SI,,113,,,,,,
25426,Q-TARTILO 100 ,511TT15,SI,,113,,,,,,
25035,Q-FLORFEN ,502FL02,NO,Pendiente formato de cierre ,114,,,,,,
23057,Q-FLORFEN ,303FL01,SI,,114,,,,,,
24394,Q-FLORFEN ,412FL04,SI,,114,,,,,,
25034,Q-FLORFEN ,502FL01,SI,,114,,,,,,
25036,Q-FLORFEN ,502FL03,NO,Falta portada de liberación de BR,115,,,,,,
25037,Q-FLORFEN,502FL04,NO,"Falta portada de liberación de BR , revisar el numero de OP.",115,,,,,,
25038,Q-FLORFEN ,502FL05,SI,,115,,,,,,
25039,Q-FLORFEN ,502FL06,SI,,115,,,,,,
25206,Q-FLORFEN ,504FL08,SI,,116,,,,,,
25206,Q-FLORFEN ,509FL08,NO,Pendiente inspección y formato de cierre ,116,,,,,,
25040,Q-FLORFEN ,502FL07,SI,,116,,,,,,
25207,Q-FLORFEN ,509FL09,SI,,116,,,,,,
25208,Q-FLORFEN,509FL10,SI,,117,,,,,,
24264,MELOXIDOL INYECTABLE ,410ME02,NO,Pendiente por cerrar ,118,,,,,,
25246,MELOXIDOL INYECTABLE ,505ME02,SI,,118,,,,,,
23173,Q-MUTIN,309MT11,SI,,119,,,,,,
23089,Q-MUTIN ,302MT02,SI,,119,,,,,,
23076,Q-MUTIN ,301MT01,SI,,119,,,,,,
23179,ERIPANTO,308EP03,SI,,120,,,,,,
23100,ERIPANTO,305EP02,SI,,120,,,,,,
23053,ERIPANTO ,302EP01,SI,,120,,,,,,
24028,ERIPANTO ,412EP01,SI,,120,,,,,,
24062,ERIPANTO ,412EP02,SI,,121,,,,,,
24063,ERIPANTO ,412EP03,SI,,121,,,,,,
25363,CREO-TAY ,509CT05,SI,,122,,,,,,
25320,CREO-TAY ,507CT04,SI,,122,,,,,,
24188,GLH20,406GL05,SI,,123,,,,,,
22192,GLH 20,211GL04,SI,"Se puede destruir , fecha de destrucción 2024-11",124,,,,,,
23085,GLH 20,304GL01,SI,Ya pasó la fecha de destrucción ,124,,,,,,
23301,GLH 20,312GL03,SI,,124,,,,,,
24156,GLH 20,404GL04,SI,,124,,,,,,
24267,GLH 20,409GL09,SI,,125,,,,,,
24418,GLH 20,412GL12,SI,,125,,,,,,
24268,GLH 20,412GL10,NO,Falta inspección ,125,,,,,,
24417,GLH 20,412GL11,SI,,125,,,,,,
25074,GLH 20,505GL02,NO,,126,,,,,,
23184,Q-OXY 200 LA,311OX04,SI,,127,,,,,,
23130,Q-OXY 200 LA,306OX03,SI,,127,,,,,,
24037,Q-OXY 200 LA,409OX02,NO,Pendiente inspección y formato cierre ,127,,,,,,
23014,Q-OXY 200 LA,304OX02,SI,,127,,,,,,
25239,Q-OXY 200 LA,504OX02,SI,Falta firma de DC,128,,,,,,
25087,Q-OXY 200 LA,503OX01,SI,,128,,,,,,
24288,Q-OXY 200 LA,410OX03,NO,Pendiente cerrar BR,128,,,,,,
24105,Q-OXY 200 LA,404OX01,SI,,128,,,,,,
25265,Q-OXY 200 LA,506OX03,SI,,129,,,,,,
23266,Q MUTIN,311MT12,SI,,130,,,,,,
23116,Q MUTIN ,309MT08,SI,,130,,,,,,
26005,Q-OXY 200 ,601OX01,SI,,131,,,,,,
25255,RAFOXANIDE,506RA01,NO,Falta portada de liberación de BR,132,,,,,,
24250,RAFOXANIDE ,408RA01,SI,,132,,,,,,
23142,RAFOXANIDE ,308RA01,SI,,132,,,,,,
24359,RAFOXANIDE ,411RA02,SI,,132,,,,,,
23086,VANOVET ,304VV01,SI,,133,,,,,,
23087,VANOVET ,305VV02,SI,,133,,,,,,
23088,VANOVET ,303VV03,SI,,133,,,,,,
23126,VANOVET ,305VV04,NO,,133,,,,,,
23127,VANOVET ,305VV05,SI,,134,,,,,,
23159,VANOVET ,307VV06,SI,,134,,,,,,
23160,VANOVET ,307VV07,SI,,134,,,,,,
23186,VANOVET ,309VV08,SI,,134,,,,,,
23187,VANOVET ,308VV09,SI,,135,,,,,,
23188,VANOVET ,308VV10,SI,,135,,,,,,
23189,VANOVET ,308VV11,SI,,135,,,,,,
23232,VANOVET ,310VV12,SI,,135,,,,,,
23233,VANOVET,310VV13,SI,,136,,,,,,
23297,VANOVET ,312VV16,SI,,136,,,,,,
23235,VANOVET ,310VV15,SI,,136,,,,,,
23234,VANOVET ,310VV14,SI,,136,,,,,,
24138,VANOVET ,405VV04,SI,,137,,,,,,
24133,VANOVET ,404VV03,SI,,137,,,,,,
24071,VANOVET ,403VV02,SI,,137,,,,,,
23298,VANOVET ,312VV17,SI,,137,,,,,,
24153,VANOVET ,405VV05,SI,,138,,,,,,
24183,VANOVET,406VV06,SI,,138,,,,,,
24194,VANOVET ,406VV07,SI,,138,,,,,,
24195,VANOVET ,407VV08,SI,,138,,,,,,
25079,VANOVET ,504VV02,SI,,139,,,,,,
24252,VANOVET ,409VV10,SI,,139,,,,,,
24251,VANOVET ,409VV09,SI,,139,,,,,,
24301,VANOVET ,409VV11,SI,,139,,,,,,
25082,VANOVET ,505VV05,SI,,140,,,,,,
25081,VANOVET ,504VV04,SI,,140,,,,,,
25080,VANOVET ,504VV03,SI,,140,,,,,,
25080,VANOVET ,502VV01,SI,,140,,,,,,
25319,VANOVET ,507VV06,NO,Pendiente portada de liberación de BR ,141,,,,,,
25423,VANOVET ,511VV08,SI,,141,,,,,,
25422,VANOVET ,511VV07,SI,pendiente firma c ruge ,141,,,,,,
23012,QB-COMPLEX,304QC01,SI,,142,,,,,,
23176,QB-COMPLEX,309QC02,SI,,142,,,,,,
25140,PULPHOX,504PH01,SI,,143,,,,,,
23075,PULPHOX,304PH01,SI,,143,,,,,,
23115,AUROFRESH CHAMPU,304AF04,SI,,144,,,,,,
23199,Q-TYCON,310QT02,SI,,145,,,,,,
23032,Q-TYCON ,304QT01,SI,,145,,,,,,
25088,Q-TYCON ,503QT01,SI,,145,,,,,,
25250,Q-TYCON ,505QT02,NO,Falta anexar inspección y checklist de liberación ,145,,,,,,
23008,Q-OXY 200L LA,301OX01,SI,,146,,,,,,
23060,Q-MICOSMECTIN,304MC01,SI,,147,,,,,,
23165,ANAPIRAN,309AN02,SI,,1,,,,,,
24060,ANAPIRAN,404AN03,NO,"No tiene portada , y no se evidencia inspección pero si tiene certificados ",1,,,,,,
25119,AUROFARVIT INYECTABLE ,503FI03,SI,,10,,,,,,
25198,AUROFARVIT INYECTABLE ,505FI04,SI,,10,,,,,,
25242,AUROFARVIT INYECTABLE ,505FI05,SI,,10,,,,,,
25329,AUROFARVIT INYECTABLE ,509FI06,SI,,11,,,,,,
25132,AUROFARVIT ORAL,503FO05,SI,,11,,,,,,
24112,AUROVITEL,405AV02,SI,,11,,,,,,
23019,AUROFARVIT ORAL,302FO02,SI,"Tiene 2 observaciones:
-Lotes incorrectos de ácido fosfórico
-solo se utiliza un lote de ácido láctico, glicerina, ácido fosfórico y sabor durazno ",12,,,,,,
23077,AUROFARVIT ORAL ,302FO03,SI,Requiere correccion el la fecha del informe del certificado de la inspección de PT.,12,,,,,,
23108,AUROFARVIT ORAL ,304FO04,SI,corregir # de OP,12,,,,,,
23110,AUROFARVIT ORAL ,305FO06,SI,,12,,,,,,
23111,AUROFARVIT ORAL ,305FO07,SI,,13,,,,,,
23137,AUROFARVIT ORAL ,307FO08,SI,,13,,,,,,
23138,AUROFARVIT ORAL,307FO09,SI,,13,,,,,,
23139,AUROFARVIT ORAL,307FO10,SI,,13,,,,,,
23196,AUROFARVIT ORAL,310FO11,SI,,13,,,,,,
23197,AUROFARVIT ORAL,310FO12,SI,,13,,,,,,
23018,AUROFARVIT ORAL ,302FO01,SI,,14,,,,,,
23198,AUROFARVIT ORAL ,310FO13,SI,,14,,,,,,
23270,AUROFARVIT ORAL ,312FO14,SI,,14,,,,,,
23271,AUROFARVIT ORAL ,312FO15,SI,,14,,,,,,
23272,AUROFARVIT ORAL,312FO16,SI,,14,,,,,,
24021,AUROFARVIT ORAL,403FO01,SI,,15,,,,,,
24022,AUROFARVIT ORAL ,403FO02,SI,,15,,,,,,
24115,AUROFARVIT ORAL ,405FO03,SI,,15,,,,,,
24134,AUROFARVIT ORAL,405FO04,SI,,15,,,,,,
24139,AUROFARVIT ORAL ,407FO05,SI,,15,,,,,,
24140,AUROFARVIT ORAL ,407FO06,SI,,16,,,,,,
24274,AUROFARVIT ORAL,409FO07,SI,,16,,,,,,
24248,AUROFARVIT ORAL ,409FO08,SI,No tiene carpeta ,16,,,,,,
24309,AUROFARVIT ORAL ,410FO09,SI,Sin carpeta,16,,,,,,
24310,AUROFARVIT ORAL ,410FO10,SI,,16,,,,,,
24311,AUROFARVIT ORAL,410FO11,SI,,17,,,,,,
24344,AUROFARVIT ORAL ,411FO12,SI,,17,,,,,,
24346,AUROFARVIT ORAL ,411FO14,SI,,17,,,,,,
25049,AUROFARVIT ORAL,502FO01,SI,Inspecciónes sin OP,18,,,,,,
25050,AUROFARVIT ORAL ,502FO02,SI,,18,,,,,,
25051,AUROFARVIT ORAL ,502FO03,SI,,18,,,,,,
25131,AUROFARVIT ORAL ,503FO04,SI,,18,,,,,,
25133,AUROFARVIT ORAL,503FO06,SI,,19,,,,,,
25141,AUROFARVIT ORAL ,503FO07,SI,,19,,,,,,
25002,ANAPIRAN,502AN01,NO,"No tiene portada ni inspección, cuenta con certificados",2,,,,,,
25069,ANAPIRAN ,502AN03,NO,"No tiene portada, no tiene inspección ",2,,,,,,
25070,ANAPIRAN,502AN04,NO,"No tiene inspección, ni portada ",2,,,,,,
25068,ANAPIRAN,502AN02,NO,"No tiene inspección, ni portada ",2,,,,,,
25254,AUROFARVIT ORAL ,506FO12,SI,,20,,,,,,
25335,AUROFARVIT ORAL ,510FO14,SI,,20,,,,,,
23010,AUROMECK INYECTABLE ,303AM01,SI,,22,,,,,,
25024,AUROMECK INYECTABLE ,503AM01,SI,,22,,,,,,
23022,AUROPUPPY,302PE01,SI,,23,,,,,,
23180,AUROPUPPY,308PE02,SI,,23,,,,,,
23023,AUROTEL,303AU01,SI,,24,,,,,,
23024,AUROTEL,303AU02,SI,,24,,,,,,
23122,AUROTEL,306AU03,SI,,24,,,,,,
23123,AUROTEL,306AU04,SI,,24,,,,,,
23177,AUROTEL,310AU05,SI,,24,,,,,,
23178,AUROTEL,310AU06,SI,,25,,,,,,
23281,AUROTEL,312AU07,SI,,25,,,,,,
24132,AUROTEL,407AU01,NO,"Sin carpeta , sin inspección",25,,,,,,
24213,AUROTEL ,410AU02,SI,,25,,,,,,
24295,AUROTEL ,410AU03,SI,,25,,,,,,
25021,AUROTEL,503AU02,SI,,26,,,,,,
25020,AUROTEL,502AU01,SI,,26,,,,,,
23140,AUEOTILMICOSIN,307AT01,SI,,27,,,,,,
24113,AUROTILMICOSIN,405AT01,SI,,27,,,,,,
24212,AUROTILMICOSIN,408AT02,SI,,27,,,,,,
23041,AUROVITEL,303AV01,SI,,28,,,,,,
23231,AUROVITEL ,311AV05,NO,"Falta inspección, tiene portada y carpeta.",28,,,,,,
23215,AUROVITEL,308AV03,SI,,28,,,,,,
24024,AUROVITEL ,403AV01,SI,,28,,,,,,
23121,AUROVITEL ,306AV02,SI,,29,,,,,,
24083,AUROPUPPY,405PE01,SI,,29,,,,,,
23001,ANAPIRAN,301AN01,SI,,3,,,,,,
23025,AUROZOLE 25 Co,304AZ01,SI,,30,,,,,,
23026,AUROZOLE 25 Co,304AZ02,SI,,30,,,,,,
24111,AUROZOLE 25 Co,410AZ01,SI,,30,,,,,,
23042,AVICUR POLVO ,302AC01,SI,,31,,,,,,
23043,AVICUR POLVO,302AC02,SI,,31,,,,,,
23044,AVICUR POLVO,302AC03,SI,,31,,,,,,
23092,AVICUR POLVO,306AC04,SI,,31,,,,,,
23093,AVICUR POLVO,305AC05,SI,,31,,,,,,
23094,AVICUR POLVO,305AC06,SI,,31,,,,,,
23095,AVICUR POLVO ,305AC07,SI,,31,,,,,,
23151,AVICUR POLVO ,308AC08,SI,,32,,,,,,
23149,AVICUR POLVO,307AC09,SI,,32,,,,,,
23150,AVICUR POLVO,307AC10,SI,,32,,,,,,
23151,AVICUR POLVO ,307AC11,SI,,32,,,,,,
23218,AVICUR POLVO ,309AC12,SI,,32,,,,,,
23219,AVICUR POLVO ,309AC13,SI,,32,,,,,,
23249,AVICUR POLVO,310AC15,SI,,33,,,,,,
24051,AVICUR POLVO,403AC03,SI,,33,,,,,,
24100,AVICUR POLVO,403AC04,SI,,33,,,,,,
24142,AVICUR POLVO,405AC09,SI,,33,,,,,,
24143,AVICUR POLVO,405AC10,SI,,33,,,,,,
24114,AVICUR POLVO,406AC11,SI,,33,,,,,,
24281,AVICUR POLVO,410AC12,SI,,33,,,,,,
24325,AVICUR POLVO,410AC13,SI,Sin carpeta ,33,,,,,,
25277,AVICUR POLVO,509AC11,SI,Se repite numero de  OP en el lote 510AC12,34,,,,,,
25137,AVICUR POLVO,503AC05,SI,,34,,,,,,
25138,AVICUR POLVO,503AC06,SI,,34,,,,,,
25139,AVICUR POLVO,503AC07,SI,,34,,,,,,
25144,AVICUR POLVO,503AC08,SI,,34,,,,,,
23011,BOLDEBIG 50,303BO01,SI,,35,,,,,,
23245,BOLDEBIG 50 ,310BO03,SI,,35,,,,,,
24019,BOLDEBIG 50 ,403BO01,SI,,35,,,,,,
23175,BOLDEBIG 50,308BO02,SI,,35,,,,,,
24197,BOLDEBIG 50 ,407BO03,SI,,36,,,,,,
24136,BOLDEBIG 50,407BO02,NO,"No tiene carpeta , Se tiene que cambiar el numero de OP de la portada , a 24136",36,,,,,,
24198,BOLDEBIG 50,407BO04,SI,No tiene carpeta ,36,,,,,,
25117,BOLDEBIG 50 ,504BO03,SI,,37,,,,,,
25244,BOLDEBIG 50,507BO04,SI,,37,,,,,,
25245,BOLDEBIG 50 ,507BO05,SI,,37,,,,,,
26008,AUROZOLE 25 Co,601AZ01,SI,,38,,,,,,
25059,BRILLAPEL EMULSION,502BE01,SI,,38,,,,,,
24025,CABATEL NF,403CN01,SI,,39,,,,,,
25250,AUROPUPPY ,503PE01,SI,,39,,,,,,
25418,AUROPUPPY ,509PE02,SI,,39,,,,,,
23030,CABATEL,304CA01,SI,,39,,,,,,
23069,DILUENTE AUROCEF ,303CF01,SI,,4,,,,,,
24068,AROCEF,403CF01,SI,,4,,,,,,
24122,CABATEL NF,406CN02,NO,"No tiene inspección, portada sin firmas , sin carpeta",40,,,,,,
24163,CABATEL NF,406CN03,SI,,40,,,,,,
23109,AUROFARVIT ORAL ,305FO05,SI,,40,,,,,,
25249,CABATEL NF,506CN02,SI,,40,,,,,,
23029,CABATEL NF,304CN01,SI,,41,,,,,,
23141,CABATEL NF,307CN02,SI,,41,,,,,,
23212,CABATEL NF,310CN03,SI,,41,,,,,,
25199,CABATEL NF,506CN01,NO,"Le falta 1 inspección, no tiene portada.",41,,,,,,
22175,CIPERMETRINA ,211CI10,SI,,42,,,,,,
23072,CIPERMETRINA ,301CI01,SI,,42,,,,,,
23073,CIPERMETRINA,302CI02,SI,,42,,,,,,
23074,CIPERMETRINA ,302CI03,SI,,42,,,,,,
23135,CIPERMETRINA,306CI07,SI,,42,,,,,,
23112,CIPERMETRINA,305CI04,SI,,43,,,,,,
23113,CIPERMETRINA,305CI05,SI,,43,,,,,,
23136,CIPERMETRINA ,306CI08,SI,,44,,,,,,
23163,CIPERMETRINA ,306CI09,SI,,44,,,,,,
23164,CIPERMETRINA ,307CI10,SI,,44,,,,,,
23170,CIPERMETRINA ,307CI11,SI,,44,,,,,,
23171,CIPERMETRINA,308CI12,SI,,45,,,,,,
23191,CIPERMETRINA ,309CI13,SI,,45,,,,,,
23192,CIPERMETRINA ,309CI14,SI,,45,,,,,,
23193,CIPERMETRINA ,310CI15,SI,,45,,,,,,
23194,CIPERMETRINA ,310CI16,SI,,46,,,,,,
23236,CIPERMETRINA ,310CI17,SI,,46,,,,,,
23237,CIPERMETRINA ,310CI18,SI,,46,,,,,,
23239,CIPERMETRINA ,310CI20,SI,,46,,,,,,
23238,CIPERMETRINA ,311CI19,SI,,47,,,,,,
23240,CIPERMETRINA ,311CI21,SI,,47,,,,,,
24006,CIPERMETRINA ,402CI02,SI,,47,,,,,,
23268,CIPERMETRINA ,311CI22,SI,,47,,,,,,
24005,CIPERMETRINA ,402CI01,SI,,47,,,,,,
24078,CIPERMETRINA ,402CI04,SI,,48,,,,,,
24079,CIPERMETRINA ,402CI05,SI,No tiene carpeta,48,,,,,,
24007,CIPERMETRINA ,402CI03,SI,,48,,,,,,
24077,CIPERMETRINA ,405CI07,SI,,49,,,,,,
24081,CIPERMETRINA ,405CI08,SI,,49,,,,,,
24157,CIPERMETRINA ,405CI09,SI,,49,,,,,,
24048,AUROUNGÜENTO,402UG01,SI,,5,,,,,,
23068,AUROCEF,303CF01,SI,,5,,,,,,
24109,AURODIARREGAN NF,407DN01 ,SI,"Le falta carpeta, está completo ",5,,,,,,
24158,CIPERMETRINA ,405CI10,SI,No tiene carpeta ,50,,,,,,
24165,CIPERMETRINA ,405CI11,SI,Sin carpeta.,50,,,,,,
24165,CIPERMETRINA ,405CI12,SI,,50,,,,,,
24175,CIPERMETRINA ,407CI13,SI,,50,,,,,,
24176,CIPERMETRINA ,407CI14,SI,,51,,,,,,
24177,CIPERMETRINA ,407CI15,SI,,51,,,,,,
24218,CIPERMETRINA ,408CI17,SI,,51,,,,,,
24219,CIPERMETRINA ,408CI18,SI,,51,,,,,,
23114,CIPERMETRINA ,305CI06,SI,,52,,,,,,
24435,CIPERMETRINA ,412CI26,SI,,52,,,,,,
24244,CIPERMETRINA,410CI19,SI,,52,,,,,,
24245,CIPERMETRINA ,410CI20,SI,,52,,,,,,
26021,CIPERMETRINA ,603CI05,SI,,53,,,,,,
25004,CIPERMETRINA ,501CI02,SI,,53,,,,,,
25003,CIPERMETRINA ,501CI01,SI,,53,,,,,,
26022,CIPERMETRINA ,603CI06,SI,,53,,,,,,
25367,CIPERMETRINA ,509CI17,SI,,54,,,,,,
24246,CIPERMETRINA ,410CI21,SI,,54,,,,,,
25164,CIPERMETRINA ,506CI11,SI,,55,,,,,,
25055,CIPERMETRINA ,501CI03,SI,,55,,,,,,
25006,CIPERMETRINA ,501CI04,SI,,55,,,,,,
25007,CIPERMETRINA ,501CI05,SI,,55,,,,,,
25160,CIPERMETRINA ,503CI07,SI,,56,,,,,,
25161,CIPERMETRINA ,503CI08,SI,,56,,,,,,
25163,CIPERMETRINA ,504CI10,SI,,56,,,,,,
25162,CIPERMETRINA ,504CI09,SI,,56,,,,,,
25421,CREO-TAY,511CT06,SI,,57,,,,,,
23065,CIPROFARM,302CX01,SI,,57,,,,,,
24380,CIPROFARM,411CX05,SI,,57,,,,,,
25298,CIPROFARM ,506CX17,SI,,57,,,,,,
25297,CIPROFARM ,506CX16,SI,,58,,,,,,
25296,CIPROFARM ,506CX15,SI,,58,,,,,,
25294,CIPROFARM ,506CX13,SI,,58,,,,,,
25295,CIPROFARM ,506CX14,SI,,58,,,,,,
25293,CIPROFARM ,506CX12,SI,,59,,,,,,
25200,CIPROFARM ,504CX05,SI,,59,,,,,,
25201,CIPROFARM ,504CX06,SI,,59,,,,,,
25202,CIPROFARM ,504CX07,SI,,59,,,,,,
23091,AURODIARREGAN NF,305DN01,SI,,6,,,,,,
23016,AUROUNGÜENTO ,301UG01,SI,,6,,,,,,
25052,AUROUNGÜENTO ,502UG01,SI,,6,,,,,,
25030,CIPROFARM ,502CX01,SI,,60,,,,,,
25031,CIPROFARM ,502CX02,SI,,60,,,,,,
25032,CIPROFARM ,502CX03,SI,,60,,,,,,
25033,CIPROFARM ,502CX04,SI,,60,,,,,,
23258,CABATEL ,311CA02,SI,,61,,,,,,
23216,COCCIDIOL,309CP01,SI,,61,,,,,,
24307,COCCIDIOL,410CP03,SI,,61,,,,,,
24305,COCCIDIOL ,410CP02,SI,,61,,,,,,
24148,COCCIDIOL,408CP01,SI,,61,,,,,,
24326,CREO-TAY ,410CT10,SI,,62,,,,,,
24371,CREO-TAY ,412CT11,SI,,62,,,,,,
23082,CREO-TAY ,304CT01,SI,,62,,,,,,
23227,CREO-TAY ,309CT06,SI,,63,,,,,,
23228,CREO-TAY ,310CT07,SI,,63,,,,,,
23229,CREO-TAY ,312CT08,SI,,63,,,,,,
23084,CREO-TAY,303CT03,SI,,64,,,,,,
23083,CREO-TAY ,304CT02,SI,,64,,,,,,
23158,CREO-TAY ,307CT05,SI,,64,,,,,,
24029,CREO-TAY ,402CT01,SI,,64,,,,,,
24030,CREO-TAY ,402CT02,SI,,64,,,,,,
24073,CREO-TAY ,403CT04,SI,,65,,,,,,
24193,CREO-TAY ,409CT09,SI,,65,,,,,,
24191,CREO-TAY ,409CT07,SI,,65,,,,,,
24137,CREO-TAY ,407CT05,SI,,65,,,,,,
23004,AUROFARVIT INYECTABLE ,301FI01,SI,,7,,,,,,
23009,AUROFARVIT INYECTABLE ,304FI02,SI,,7,,,,,,
23131,AUROFARVIT INYECTABLE ,309FI03,SI,,7,,,,,,
24084,AUROFARVIT INYECTABLE ,406FI01,SI,"Tiene 2 inspecciónes sin sticker de aprobado ,el consecutivo 436 aparece en 2 inspecciónes distintas con fechas diferentes.",8,,,,,,
24085,AUROFARVIT INYECTABLE ,406FI02,SI,,8,,,,,,
24222,AUROFARVIT INYECTABLE ,409FI03,NO,"No tiene inspección, ni carpeta",8,,,,,,
24222,AUROFARVIT INYECTABLE ,410FI04,SI,No tiene carpeta ,9,,,,,,
25018,AUROFARVIT INYECTABLE ,502FI01,SI,,9,,,,,,
25023,AUROFARVIT INYECTABLE ,502FI02,SI,,9,,,,,,
FECHA ENVÍO OP A MAQUILA,PRODUCTO,LOTE,F.V OP,VIGENCIA REG. ICA,TAMAÑO DE LOTE,PRESENTACIONES DE LA OP,MAQUILADOR,,,,
04/04/2023,GLH-20,304GL01,2024-04,12 MESES,1000 L,"1000 ML
3800 ML
20 L",FARMATEC,,,,
NE,PRO-HEALT,304HL03,2024-04,12 MESES,5600 KG,25 KG,ITALCOL,,,,
NE,PRO-HEALT,305HL04,2024-05,12 MESES,7000 KG,25 KG,ITALCOL,,,,
NE,PRO-HEALT,308HL05,2024-08,12 MESES,5600 KG,25 KG,ITALCOL,,,,
14/03/2023,Q-SULFATYL-T,302SF02T,2024-09,24 MESES,100 KG,25 KG,PROQUIVET,,,,
NE,PRO-HEALT,310HL06,2024-10,12 MESES,5600 KG,25 KG,ITALCOL,,,,
NE,FORTICAT,PILOTO 1,2024-10,12 MESES,20 L,100 ML,QOPPA,,,,
NE,FORTICAT RENAL,PILOTO 1,2024-10,12 MESES,20 L,100 ML,QOPPA,,,,
04/04/2023,QB-COMPLEX,304QC01,2024-10,18 MESES,300 L,500 ML,DECNO,,,,
27/11/2023,GLH-20,311GL02,2024-11,12 MESES,1000 L,"3800 ML
20 L",FARMATEC,,,,
28/04/2023,Q-TARTILO 100,305TT01,2024-11,18 MESES,500 KG,1 KG,FARMANDINA,,,,
13/12/2023,GLH-20,312GL03,2024-12,12 MESES,1000 L,"3800 ML
20 L",FARMATEC,,,,
08/02/2023,AUROTEL,212AU06,2024-12,24 MESES,300 L,"5 ML
10 ML",QOPPA,,,,
21/07/2023,Q-TARTILO 100,307TT02,2025-01,18 MESES,300 KG,"50 G
1 KG",FARMANDINA,,,,
19/01/2023,FERRYDECK,301FD01,2025-01,24 MESES,93 L,"50 ML
100 ML",DECNO,,,,
06/02/2023,AUROFARVIT INYECTABLE,301FI01,2025-01,24 MESES,1000 L,"250 ML
500 ML",DECNO,,,,
26/01/2023,Q-OXY 200 L.A,301OX01,2025-01,24 MESES,500 L,"50 ML
250 ML
500 ML",DECNO,,,,
24/01/2023,DOXYCOL,301DO01,2025-01,24 MESES,300 KG,1 KG,PROQUIVET,,,,
09/02/2023,Q-MUTIN,301MT01,2025-01,24 MESES,300 KG,25 KG,PROQUIVET,,,,
27/01/2023,ANAPIRAN,301AN01,2025-01,24 MESES,400 L,"50 ML
250 ML",DECNO,,,,
09/02/2023,AUROLITOS,301AO01,2025-01,24 MESES,300 KG,1 KG,PROQUIVET,,,,
09/02/2023,AUROLITOS,301AO02,2025-01,24 MESES,300 KG,1 KG,PROQUIVET,,,,
13/02/2023,BRILLAPEL,301BR01,2025-01,24 MESES,300 KG,150 G,PROQUIVET,,,,
13/02/2023,BRILLAPEL,301BR02,2025-01,24 MESES,300 KG,150 G,PROQUIVET,,,,
13/02/2023,BRILLAPEL,301BR03,2025-01,24 MESES,300 KG,150 G,PROQUIVET,,,,
27/02/2023,AUROFRESH CHAMPU,301AF01,2025-01,24 MESES,500 L,"120 ML
250 ML",QOPPA,,,,
07/03/2023,PENIDEXINA,302PS01,2025-01,24 MESES,"25,366 KG","4 MILLONES
8 MILLONES",LIXMAR,,,,
NE,PANTOX,301PX01,2025-01,24 MESES,18200 KG,25 KG,ITALCOL,,,,
27/02/2023,DOXYCOL,302DO02,2025-02,24 MESES,300 KG,1 KG,PROQUIVET,,,,
21/02/2023,EQUINOLISINA,302EQ01,2025-02,24 MESES,300 KG,1 KG,FARMANDINA,,,,
23/02/2023,AUROFARVIT ORAL,302FO01,2025-02,24 MESES,1020 L,120 ML,QOPPA,,,,
27/02/2023,AUROFARVIT ORAL,302FO02,2025-02,24 MESES,1020 L,1000 ML,QOPPA,,,,
23/02/2023,AUROFARVIT ORAL,302FO03,2025-02,24 MESES,1020 L,4000 ML,QOPPA,,,,
14/03/2023,CIPROFARM,302CX01,2025-02,24 MESES,300 KG,1 KG,PROQUIVET,,,,
10/04/2023,NICARCOX,302NX01,2025-02,24 MESES,175 KG,25 KG,PROQUIVET,,,,
21/03/2023,Q-MUTIN,302MT02,2025-02,24 MESES,300 KG,25 KG,PROQUIVET,,,,
NE,Q-MUTIN,302MT02-3,2025-02,24 MESES,8400 KG,25 KG,ITALCOL,,,,
NE,CIPROFARM,302CX01,2025-02,24 MESES,2800 KG,25 KG,ITALCOL,,,,
12/09/2023,QB-COMPLEX,309QC02,2025-03,18 MESES,300 L,500 ML,DECNO,,,,
07/03/2023,AUROTEL,303AU01,2025-03,24 MESES,200 L,250 ML,QOPPA,,,,
NA,BRIO JOINTS,303BJ01,2025-03,24 MESES,100 KG,2 KG,FARMANDINA,,,,
08/03/2023,CREO-TAY,303CT03,2025-03,24 MESES,1000 L,20 L,FARMATEC,,,,
27/03/2023,AUROPETS PERFORMANCE,303AE01,2025-03,24 MESES,50 KG,200 G,ITALCOL,,,,
14/03/2023,AUROPETS INCREASE,303AI01,2025-03,24 MESES,50 KG,200 G,ITALCOL,,,,
17/03/2023,BRIO INCREASE,303BI01,2025-03,24 MESES,200 KG,2 KG,PROQUIVET,,,,
17/03/2023,BRIO PERFORMANCE,303BP01,2025-03,24 MESES,300 KG,2 KG,PROQUIVET,,,,
23/03/2023,BRIO ENERGY,303BY01,2025-03,24 MESES,300 L,1000 ML,QOPPA,,,,
23/03/2023,AUROVITEL,303AV01,2025-03,24 MESES,300 KG,"20 G
1 KG",PROQUIVET,,,,
25/03/2023,AUROLITOS,303AO03,2025-03,24 MESES,300 KG,1 KG,PROQUIVET,,,,
25/03/2023,AUROLITOS,303AO04,2025-03,24 MESES,300 KG,1 KG,PROQUIVET,,,,
27/03/2023,AUROPETS SENIOR,303AS01,2025-03,24 MESES,50 KG,200 G,FARMANDINA,,,,
29/03/2023,BRILLAPEL EMULSIÓN,303BE01,2025-03,24 MESES,500 L,"130 ML
270 ML",QOPPA,,,,
28/03/2023,Q-OXY 200 L.A,303OX02,2025-03,24 MESES,500 L,"50 ML
100 ML
250 ML
500 ML",DECNO,,,,
31/03/2023,BRILLAPEL,303BR07,2025-03,24 MESES,300 KG,2 KG,ITALCOL,,,,
30/03/2023,AUROCEF POLVO,303CF01,2025-03,24 MESES,1 KG,"1 G
4 G",LIXMAR,,,,
30/03/2023,AUROCEF DILUENTE,303CF01,2025-03,24 MESES,20 L,"20 ML
80 ML",LIXMAR,,,,
10/04/2023,BRIO JOINTS,303BJ01,2025-03,24 MESES,100 KG,600 G,PROQUIVET,,,,
NE,HEPAXYN,303HP02,2025-03,24 MESES,5600 KG,25 KG,ITALCOL,,,,
20/04/2023,AUROLITOS,303AO05,2025-03,24 MESES,300 KG,1 KG,PROQUIVET,,,,
06/06/2023,AUROTEL,303AU02,2025-03,24 MESES,300 L,"2,5 ML
5 ML
10 ML",QOPPA,,,,
07/11/2023,BRIO INCREASE,303BI01,2025-03,24 MESES,200 KG,2 KG,PROQUIVET,,,,
18/10/2023,Q-TARTILO 100,310TT03,2025-04,18 MESES,300 KG,1 KG,FARMANDINA,,,,
04/04/2023,CREO-TAY,304CT01,2025-04,24 MESES,1000 L,"250 ML
1000 ML",FARMATEC,,,,
04/04/2023,CREO-TAY,304CT02,2025-04,24 MESES,1000 L,"120 ML
250 ML
500 ML
3800 ML
20 L",FARMATEC,,,,
04/04/2023,AUROFARVIT INYECTABLE,304FI02,2025-04,24 MESES,1000 L,"250 ML
500 ML",DECNO,,,,
12/04/2023,CABATEL NF,304CN01,2025-04,24 MESES,120 L,"20 ML
500 ML",QOPPA,,,,
NE,AUROQUINOL 60,304AQ03,2025-04,24 MESES,19600 KG,25 KG,ITALCOL,,,,
13/04/2023,AUROFRESH CHAMPU,304AF03,2025-04,24 MESES,500 L,120 ML,QOPPA,,,,
NE,Q-MUTIN,304MT03-1,2025-04,24 MESES,19600 KG,25 KG,ITALCOL,,,,
14/04/2023,AUROFARVIT ORAL,304FO04,2025-04,24 MESES,1020 L,120 ML,QOPPA,,,,
19/04/2023,QTYCON,304QT01,2025-04,24 MESES,150 KG,30 G,QOPPA,,,,
25/04/2023,AUROZOLE 25 CO,304AZ01,2025-04,24 MESES,1000 L,1000 ML,QOPPA,,,,
25/04/2023,AUROZOLE 25 CO,304AZ02,2025-04,24 MESES,1000 L,"120 ML
500 ML
2000 ML",QOPPA,,,,
NE,AUROQUINOL 60,304AQ04,2025-04,24 MESES,4200 KG,25 KG,ITALCOL,,,,
27/04/2023,AUROFRESH CHAMPU,304AF02,2025-04,24 MESES,400 L,"1000 ML
2000 ML",QOPPA,,,,
27/04/2023,AUROFRESH CHAMPU,304AF04,2025-04,24 MESES,500 L,120 ML,QOPPA,,,,
NE,Q-SULFATYL-T,304SF04T,2025-04,24 MESES,5600 KG,25 KG,ITALCOL,,,,
NE,Q-MUTIN,304MT03,2025-04,24 MESES,19600 KG,25 KG,ITALCOL,,,,
NE,AURORAC,304RC03,2025-04,24 MESES,600 KG,25 KG,ITALCOL,,,,
NE,AURORAC,304RC02,2025-04,24 MESES,4200 KG,25 KG,ITALCOL,,,,
NE,Q-MUTIN,304MT03-3,2025-04,24 MESES,8400 KG,25 KG,PROQUIVET,,,,
19/05/2023,Q-MUTIN,304MT03,2025-04,24 MESES,300 KG,25 KG,PROQUIVET,,,,
NE,Q-SULFATYL,304SF02,2025-04,24 MESES,600 KG,25 KG,ITALCOL,,,,
NE,Q-MUTIN,304MT03-4,2025-04,24 MESES,8400 KG,25 KG,PROQUIVET,,,,
21/06/2023,AUROFRESH CHAMPU,304AF04,2025-04,24 MESES,1000 L,120 ML,QOPPA,,,,
NA,Q-MUTIN,304MT03,2025-04,24 MESES,300 KG,25 KG,PROQUIVET,,,,
07/11/2023,BRIO PERFORMANCE,304BP03,2025-04,24 MESES,300 KG,2 KG,PROQUIVET,,,,
04/05/2023,AUROFARVIT ORAL,305FO06,2025-045,24 MESES,1020 L,4000 ML,QOPPA,,,,
02/05/2023,Q-FOS 25,305FS01,2025-05,24 MESES,200 KG,"250 G
1 KG",FARMANDINA,,,,
02/05/2023,Q-FOS 25,305FS02,2025-05,24 MESES,200 KG,1 KG,FARMANDINA,,,,
02/05/2023,Q-FOS 25,305FS03,2025-05,24 MESES,200 KG,1 KG,FARMANDINA,,,,
09/05/2023,SULFATROPHIN ORAL,305SO01,2025-05,24 MESES,900 L,"10 ML
50 ML
1000 ML",QOPPA,,,,
04/05/2023,AUROFARVIT ORAL,305FO05,2025-05,24 MESES,1020 L,1000 ML,QOPPA,,,,
NE,Q-CLORMUTIN,305CM01,2025-05,24 MESES,2800 KG,25 KG,ITALCOL,,,,
16/05/2023,AUROFARVIT ORAL,305FO07,2025-05,24 MESES,1020 L,120 ML,QOPPA,,,,
NE,NICARCOX,305NX02,2025-05,24 MESES,600 KG,25 KG,PROQUIVET,,,,
29/05/2023,AURODIARREGAN NF,305DN01,2025-05,24 MESES,300 KG,"20 G X 10 SB
20 G X 50 SB",PROQUIVET,,,,
NE,AURORAC,305RC04,2025-05,24 MESES,9575 KG,25 KG,ITALCOL,,,,
NE,Q-MUTIN,305MT04-1,2025-05,24 MESES,19600 KG,25 KG,PROQUIVET,,,,
23/05/2023,CREO-TAY,305CT04,2025-05,24 MESES,1000 L,"250 ML
500 ML
3800 ML",FARMATEC,,,,
29/05/2023,DOXYCOL,305DO03,2025-05,24 MESES,300 KG,1 KG,PROQUIVET,,,,
NE,HEPAXYN,305HP03,2025-05,24 MESES,8400 KG,25 KG,ITALCOL,,,,
NE,Q-MUTIN,305MT04-2,2025-05,24 MESES,19600 KG,25 KG,PROQUIVET,,,,
NE,NICARCOX,305NX02-2,2025-05,24 MESES,3925 KG,25 KG,PROQUIVET,,,,
NA,Q-MUTIN,305MT04,2025-05,24 MESES,300 KG,25 KG,PROQUIVET,,,,
30/05/2023,Q-OXY 200 L.A,306OX03,2025-06,24 MESES,500 L,"50 ML
100 ML
250 ML
500 ML",SFC,,,,
06/06/2023,AUROVITEL,306AV02,2025-06,24 MESES,300 KG,"20 G
1 KG",PROQUIVET,,,,
06/06/2023,AUROTEL,306AU03,2025-06,24 MESES,200 L,250 ML,QOPPA,,,,
06/06/2023,AUROTEL,306AU04,2025-06,24 MESES,200 L,250 ML,QOPPA,,,,
08/06/2023,PENIDEXINA,306PS02,2025-06,24 MESES,"25,627 KG","4 MILLONES
8 MILLONES",LIXMAR,,,,
NE,Q-MUTIN,306MT05-2,2025-06,24 MESES,19600 KG,25 KG,PROQUIVET,,,,
NE,AURORAC,306RC05,2025-06,24 MESES,9575 KG,25 KG,ITALCOL,,,,
NE,Q-MUTIN,306MT05-2,2025-06,24 MESES,19600 KG,25 KG,PROQUIVET,,,,
NE,Q-SULFATYL-T,306SF05T,2025-06,24 MESES,9800 KG,25 KG,ITALCOL,,,,
NE,Q-MUTIN,306MT05-3,2025-06,24 MESES,7000 KG,25 KG,PROQUIVET,,,,
14/07/2023,AUROCEF POLVO,306CF02,2025-06,24 MESES,1 KG,"1 G
4 G",LIXMAR,,,,
14/07/2023,AUROCEF DILUENTE,306CF02,2025-06,24 MESES,20 L,"20 ML
80 ML",LIXMAR,,,,
NA,Q-MUTIN,306MT05,2025-06,24 MESES,300 KG,25 KG,PROQUIVET,,,,
13/12/2023,Q-TARTILO 100,401TT01,2025-07,18 MESES,300 KG,1 KG,FARMANDINA,,,,
10/06/2023,BRIO INCREASE,307BI02,2025-07,24 MESES,200 KG,2 KG,PROQUIVET,,,,
10/06/2023,BRIO PERFORMANCE,307BP02,2025-07,24 MESES,300 KG,2 KG,PROQUIVET,,,,
10/06/2023,BRIO PERFORMANCE,307BP03,2025-07,24 MESES,300 KG,2 KG,PROQUIVET,,,,
07/07/2023,DOXYCOL,307DO04,2025-07,24 MESES,300 KG,1 KG,PROQUIVET,,,,
14/07/2023,AUROFRESH CHAMPU,307AF06,2025-07,24 MESES,400 KG,"120 ML
250 ML",QOPPA,,,,
11/07/2023,CREO-TAY,307CT05,2025-07,24 MESES,1000 L,"250 ML
1000 ML",FARMATEC,,,,
14/07/2023,AUROFARVIT ORAL,307FO08,2025-07,24 MESES,1020 L,120 ML,QOPPA,,,,
14/07/2023,AUROFARVIT ORAL,307FO09,2025-07,24 MESES,1020 L,1000 ML,QOPPA,,,,
14/07/2023,AUROFARVIT ORAL,307FO10,2025-07,24 MESES,1020 L,4000 ML,QOPPA,,,,
NE,NICARCOX,307NX03,2025-07,24 MESES,7775 KG,25 KG,PROQUIVET,,,,
NE,HEPAXYN,307HP04,2025-07,24 MESES,5600 KG,25 KG,ITALCOL,,,,
27/07/2023,CABATEL NF,307CN02,2025-07,24 MESES,100 L,"20 ML
100 ML
500 ML",QOPPA,,,,
,Q-MUTIN,307MT06-1,2025-07,24 MESES,19600 KG,25 KG,PROQUIVET,,,,
NE,Q-MUTIN,307MT06-2,2025-07,24 MESES,19600 KG,25 KG,PROQUIVET,,,,
NE,Q-SULFATYL,307SF03,2025-07,24 MESES,600 KG,25 KG,PROQUIVET,,,,
NE,Q-CLORMUTIN,307CM02,2025-07,24 MESES,2800 KG,25 KG,ITALCOL,,,,
NE,AURORAC,307RC06,2025-07,24 MESES,9575 KG,25 KG,ITALCOL,,,,
NE,Q-SULFATYL-T,307SF06T,2025-07,24 MESES,8400 KG,25 KG,ITALCOL,,,,
NA,Q-MUTIN,307MT06,2025-07,24 MESES,300 KG,25 KG,PROQUIVET,,,,
31/07/2023,AUROPETS INCREASE,308AI02,2025-08,24 MESES,50 KG,200 G,FARMANDINA,,,,
31/07/2023,BRILLAPEL,308BR04,2025-08,24 MESES,300 KG,150 G,ITALCOL,,,,
31/07/2023,BRILLAPEL,308BR05,2025-08,24 MESES,300 KG,150 G,ITALCOL,,,,
31/07/2023,BRILLAPEL,308BR06,2025-08,24 MESES,300 KG,150 G,ITALCOL,,,,
03/08/2023,MELOXIDOL,308ME01,2025-08,24 MESES,100 L,"10 ML
50 ML
100 ML",DECNO,,,,
03/08/2023,FERRYDECK,308FD02,2025-08,24 MESES,100 L,"50 ML
100 ML",DECNO,,,,
NE,Q-TILMICOX,308TL01,2025-08,24 MESES,2800 KG,25 KG,PROQUIVET,,,,
NE,AURORAC,308RC07,2025-08,24 MESES,9575 KG,25 KG,ITALCOL,,,,
NE,HEPAXYN,308HP05,2025-08,24 MESES,7000 KG,25 KG,ITALCOL,,,,
14/08/2023,AUROFRESH CHAMPU,308AF05,2025-08,24 MESES,500 L,120 ML,QOPPA,,,,
NE,NICARCOX,308NX04,2025-08,24 MESES,7775 KG,25 KG,PROQUIVET,,,,
NE,Q-MUTIN,308MT07-1,2025-08,24 MESES,19600 KG,25 KG,PROQUIVET,,,,
NE,AUROQUINOL 60,308AQ05,2025-08,24 MESES,19600 KG,25 KG,ITALCOL,,,,
NE,AUROQUINOL 60,308AQ06,2025-08,24 MESES,6500 KG,25 KG,ITALCOL,,,,
NE,Q-SULFATYL-T,308SF07T,2025-08,24 MESES,8400 KG,25 KG,ITALCOL,,,,
31/08/2023,AUROVITEL,308AV03,2025-08,24 MESES,300 KG,1 KG,PROQUIVET,,,,
NE,HEPAXYN,308HP06,2025-08,24 MESES,4200 KG,25 KG,ITALCOL,,,,
NE,Q-MUTIN,308MT07-2,2025-08,24 MESES,19600 KG,25 KG,PROQUIVET,,,,
25/08/2023,Q-MUTIN,309MT08,2025-09,24 MESES,300 KG,25 KG,PROQUIVET,,,,
25/08/2023,Q-MUTIN,309MT09,2025-09,24 MESES,300 KG,25 KG,PROQUIVET,,,,
25/08/2023,Q-MUTIN,309MT10,2025-09,24 MESES,300 KG,25 KG,PROQUIVET,,,,
25/08/2023,Q-MUTIN,309MT11,2025-09,24 MESES,300 KG,25 KG,PROQUIVET,,,,
30/08/2023,EQUINOLISINA,309EQ02,2025-09,24 MESES,300 KG,1 KG,FARMANDINA,,,,
30/08/2023,BRILLAPEL EMULSIÓN,309BE02,2025-09,24 MESES,500 L,"130 ML
270 ML",QOPPA,,,,
12/09/2023,ANAPIRAN,309AN02,2025-09,24 MESES,300 L,"50 ML
250 ML
500 ML",DECNO,,,,
15/09/2023,AUROFARVIT INYECTABLE,309FI03,2025-09,24 MESES,500 L,"10 ML
50 ML
100 ML
250 ML
500 ML",DECNO,,,,
NE,Q-MUTIN,309MT08,2025-09,24 MESES,19600 KG,25 KG,PROQUIVET,,,,
05/10/2023,DOXYCOL,309DO05,2025-09,24 MESES,300 KG,1 KG,PROQUIVET,,,,
31/10/2023,PENIDEXINA,309PS03,2025-09,24 MESES,"25,628 KG","4 MILLONES
8 MILLONES",LIXMAR,,,,
,Q-MUTIN,309MT09,2025-09,24 MESES,19600 KG,25 KG,PROQUIVET,,,,
NE,Q-MUTIN,309MT10,2025-09,24 MESES,19600 KG,25 KG,PROQUIVET,,,,
28/09/2023,AUROTEL,310AU05,2025-10,24 MESES,200 L,250 ML,QOPPA,,,,
27/09/2023,AUROFARVIT ORAL,310FO11,2025-10,24 MESES,1020 L,120 ML,QOPPA,,,,
27/09/2023,AUROFARVIT ORAL,310FO12,2025-10,24 MESES,1020 L,1000 ML,QOPPA,,,,
27/09/2023,AUROFARVIT ORAL,310FO13,2025-10,24 MESES,1020 L,4000 ML,QOPPA,,,,
03/10/2023,AUROFRESH CHAMPU,310AF08,2025-10,24 MESES,400 L,"120 ML
250 ML",QOPPA,,,,
03/10/2023,AUROFRESH CHAMPU,310AF07,2025-10,24 MESES,400 L,"1000 ML
2000 ML",QOPPA,,,,
03/10/2023,CABATEL NF,310CN03,2025-10,24 MESES,100 L,"20 ML
100 ML
500 ML",QOPPA,,,,
04/10/2023,FERRYDECK,310FD03,2025-10,24 MESES,68 L,"50 ML
100 ML",DECNO,,,,
NE,Q-SULFATYL-T,310SF08T,2025-10,24 MESES,5600 KG,25 KG,ITALCOL,,,,
05/10/2023,AUROTEL,310AU06,2025-10,24 MESES,200 L,250 ML,QOPPA,,,,
23/10/2023,CREO-TAY,310CT06,2025-10,24 MESES,1000 L,"120 ML
500 ML
1000 ML
3800 ML",FARMATEC,,,,
23/10/2023,CREO-TAY,310CT07,2025-10,24 MESES,1000 L,"120 ML
1000 ML
3800 ML
20 L",FARMATEC,,,,
10/10/2023,AUROVITEL,310AV04,2025-10,24 MESES,300 KG,"20 G
1 KG",PROQUIVET,,,,
18/10/2023,QTYCON,310QT02,2025-10,24 MESES,150 KG,30 G,QOPPA,,,,
NE,NICARCOX,310NX05-1,2025-10,24 MESES,6700 KG,25 KG,PROQUIVET,,,,
NE,AUROQUINOL 60,310AQ07,2025-10,24 MESES,600 KG,25 KG,ITALCOL,,,,
27/10/2023,BRILLAPEL,310BR08,2025-10,24 MESES,300 KG,150 G,ITALCOL,,,,
27/10/2023,BRILLAPEL,310BR09,2025-10,24 MESES,300 KG,150 G,ITALCOL,,,,
27/10/2023,BRILLAPEL,310BR10,2025-10,24 MESES,300 KG,150 G,ITALCOL,,,,
NE,PREV-OX ACUA,304PA01,2025-10,#N/D,5600 KG,25 KG,ITALCOL,,,,
02/11/2023,SULFATROPHIN ORAL,311SO02,2025-11,24 MESES,500 L,"10 ML
50 ML
100 ML
1000 ML",QOPPA,,,,
03/11/2023,AUROFRESH CHAMPU,311AF09,2025-11,24 MESES,1000 L,120 ML,QOPPA,,,,
09/11/2023,Q-MUTIN,311MT12,2025-11,24 MESES,300 KG,25 KG,PROQUIVET,,,,
09/11/2023,Q-MUTIN,311MT13,2025-11,24 MESES,300 KG,25 KG,PROQUIVET,,,,
09/11/2023,Q-MUTIN,311MT14,2025-11,24 MESES,300 KG,25 KG,PROQUIVET,,,,
09/11/2023,Q-MUTIN,311MT15,2025-11,24 MESES,300 KG,25 KG,PROQUIVET,,,,
09/11/2023,Q-MUTIN,311MT16,2025-11,24 MESES,300 KG,25 KG,PROQUIVET,,,,
09/11/2023,Q-MUTIN,311MT17,2025-11,24 MESES,300 KG,25 KG,PROQUIVET,,,,
09/11/2023,Q-MUTIN,311MT18,2025-11,24 MESES,300 KG,25 KG,PROQUIVET,,,,
09/11/2023,Q-MUTIN,311MT19,2025-11,24 MESES,300 KG,25 KG,PROQUIVET,,,,
09/11/2023,Q-MUTIN,311MT20,2025-11,24 MESES,300 KG,25 KG,PROQUIVET,,,,
09/11/2023,Q-MUTIN,311MT21,2025-11,24 MESES,300 KG,25 KG,PROQUIVET,,,,
15/11/2023,Q-OXY 200 L.A,311OX04,2025-11,24 MESES,500 L,"50 ML
100 ML
250 ML
500 ML",DECNO,,,,
10/11/2023,AURORAC,311RC08,2025-11,24 MESES,8400 KG,25 KG,GDI,,,,
23/11/2023,AUROPETS SENIOR,311AS02,2025-11,24 MESES,50 KG,200 G,FARMANDINA,,,,
20/11/2023,QTYCON,311QT03,2025-11,24 MESES,150 KG,30 G,QOPPA,,,,
23/11/2023,CIPROFARM,311CX02,2025-11,24 MESES,300 KG,1 KG,PROQUIVET,,,,
27/11/2023,AUROVITEL,311AV05,2025-11,24 MESES,300 KG,"10 G
20 G",PROQUIVET,,,,
22/11/2023,HEPAXYN,311HP07,2025-11,24 MESES,9800 KG,25 KG,GDI,,,,
22/11/2023,PANTOX,311PX32,2025-11,24 MESES,17000 KG,25 KG,GDI,,,,
24/11/2023,AUROTEL,311AU08,2025-11,24 MESES,300 L,"2,5 ML
5 ML
10 ML",QOPPA,,,,
NE,Q-SULFATYL-T,311SF09T,2025-11,24 MESES,9800 KG,25 KG,ITALCOL,,,,
NE,Q-MUTIN,311MT11,2025-11,24 MESES,19600 KG,25 KG,PROQUIVET,,,,
NE,PANTOX,311PX33,2025-11,24 MESES,17000 KG,25 KG,ITALCOL,,,,
NE,Q-MUTIN,311MT12,2025-11,24 MESES,19600 KG,25 KG,PROQUIVET,,,,
NE,Q-MUTIN,311MT13,2025-11,24 MESES,19600 KG,25 KG,PROQUIVET,,,,
NE,Q-TILMICOX,311TL02,2025-11,24 MESES,2800 KG,25 KG,PROQUIVET,,,,
09/05/2023,Q-NORFLOXAN,305NF01,2025-11,30 MESES,1000 L,"20 ML
100 ML
1000 ML",QOPPA,,,,
28/11/2023,AUROFARVIT ORAL,312FO14,2025-12,24 MESES,1020 L,120 ML,QOPPA,,,,
28/11/2023,AUROFARVIT ORAL,312FO15,2025-12,24 MESES,1020 L,1000 ML,QOPPA,,,,
28/11/2023,AUROFARVIT ORAL,312FO16,2025-12,24 MESES,1020 L,4000 ML,QOPPA,,,,
28/11/2023,AUROTEL,312AU07,2025-12,24 MESES,200 L,250 ML,QOPPA,,,,
27/11/2023,CREO-TAY,312CT08,2025-12,24 MESES,1000 L,"120 ML
250 ML
500 ML
3800 ML",FARMATEC,,,,
NE,Q-CLORMUTIN,312CM03,2025-12,24 MESES,2800 KG,25 KG,PROQUIVET,,,,
NE,Q-SULFATYL-T,312SF10T,2025-12,24 MESES,9000 KG,25 KG,ITALCOL,,,,
NE,Q-SULFATYL-T,312SF11T,2025-12,24 MESES,9800 KG,25 KG,ITALCOL,,,,
NE,AUROQUINOL 60,312AQ08,2025-12,24 MESES,19600 KG,25 KG,ITALCOL,,,,
NE,AURORAC,312RC09,2025-12,24 MESES,9800 KG,25 KG,ITALCOL,,,,
NE,Q-FLORFEN,303FL01,2025-12,33 MESES,100 KG,25 KG,PROQUIVET,,,,
30/05/2023,Q-FLORFEN,303FL01,2025-12,33 MESES,90 KG,1 KG,PROQUIVET,,,,
13/12/2023,QTYCON,401QT01,2026-01,24 MESES,150 KG,30 G,QOPPA,,,,
26/01/2023,SULFATROPHIN INYECTABLE,301SI01,2026-01,36 MESES,300 L,"10 ML
50 ML
100 ML",DECNO,,,,
20/01/2023,CIPERMETRINA,301CI01,2026-01,36 MESES,1000 L,1000 ML,RATAR,,,,
09/02/2023,ERIPANTO,302EP01,2026-02,36 MESES,100 KG,24 G,FARMANDINA,,,,
21/02/2023,ERIPANTO INYECTABLE,302EI01,2026-02,36 MESES,200 L,"50 ML
100 ML",DECNO,,,,
22/02/2023,CIPERMETRINA,302CI03,2026-02,36 MESES,1000 L,1000 ML,RATAR,,,,
22/02/2023,AVICUR POLVO,302AC01,2026-02,36 MESES,300 KG,20 G,PROQUIVET,,,,
22/02/2023,AVICUR POLVO,302AC02,2026-02,36 MESES,300 KG,"12,5 KG",PROQUIVET,,,,
22/02/2023,AVICUR POLVO,302AC03,2026-02,36 MESES,300 KG,"12,5 KG",PROQUIVET,,,,
28/02/2023,CIPERMETRINA,302CI02,2026-02,36 MESES,1000 L,"20 ML
100 ML
500 ML
1000 ML",RATAR,,,,
14/04/2023,AUROPUPPY,302PE01,2026-02,36 MESES,200 L,"2,5 ML
5 ML",QOPPA,,,,
NE,Q-FLORFEN,306FL02,2026-03,33 MESES,7000 KG,25 KG,PROQUIVET,,,,
08/03/2023,AUROPETS JABÓN,303AJ01,2026-03,36 MESES,500 KG,100 G,ARJONA,,,,
14/03/2023,VANOVET,303VV03,2026-03,36 MESES,1000 L,"1000 ML
3750 ML
18,75 L",FARMATEC,,,,
16/03/2023,Q-IVERMEC 3.5,303QI01,2026-03,36 MESES,500 L,"50 ML
250 ML
500 ML",DECNO,,,,
16/03/2023,BOLDEBIG,303BO01,2026-03,36 MESES,250 L,"250 ML
500 ML",DECNO,,,,
16/03/2023,AUROMECK INYECTABLE,303AM01,2026-03,36 MESES,300 L,"50 ML
200 ML
500 ML",DECNO,,,,
23/10/2023,Q-NORFLOXAN,310NF02,2026-04,30 MESES,500 L,"20 ML
100 ML
1000 ML",QOPPA,,,,
NE,Q-FLORFEN,307FL03,2026-04,33 MESES,2200 KG,25 KG,PROQUIVET,,,,
02/08/2023,Q-FLORFEN,307FL02,2026-04,33 MESES,300 KG,1 KG,PROQUIVET,,,,
15/08/2023,Q-FLORFEN,307FL03,2026-04,33 MESES,300 KG,1 KG,PROQUIVET,,,,
10/04/2023,Q-MICOSPECTIN,304MC01,2026-04,36 MESES,100 KG,"100 G
25 KG",PROQUIVET,,,,
10/04/2023,Q-MICOSPECTIN,304MC02,2026-04,36 MESES,100 KG,"100 G
25 KG",PROQUIVET,,,,
10/04/2023,Q-MICOSPECTIN,304MC03,2026-04,36 MESES,100 KG,"100 G
25 KG",PROQUIVET,,,,
04/04/2023,VANOVET,304VV01,2026-04,36 MESES,1000 L,"120 ML
1000 ML
3750 ML",FARMATEC,,,,
30/03/2023,AUROCHAMPU-P,304AP01,2026-04,36 MESES,240 L,120 ML,RATAR,,,,
12/04/2023,CABATEL,304CA01,2026-04,36 MESES,200 L,"20 ML
500 ML",QOPPA,,,,
13/04/2023,AUROPETS JABÓN,304AJ02,2026-04,36 MESES,500 KG,"100 G
30 G",ARJONA,,,,
19/04/2023,PULPHOX,304PH01,2026-04,36 MESES,300 KG,100 G,RATAR,,,,
NE,PREV-OX,304PV08,2026-04,36 MESES,19600 KG,25 KG,ITALCOL,,,,
NE,Q-MICOSPECTIN,304MC03,2026-04,36 MESES,2800 KG,25 KG,PROQUIVET,,,,
31/10/2023,Q-NORFLOXAN,311NF03,2026-05,30 MESES,500 L,"20 ML
100 ML
1000 ML",QOPPA,,,,
NE,Q-FLORFEN,308FL04,2026-05,33 MESES,9800 KG,25 KG,PROQUIVET,,,,
05/05/2023,CIPERMETRINA,305CI05,2026-05,36 MESES,1000 L,1000 ML,RATAR,,,,
05/05/2023,CIPERMETRINA,305CI06,2026-05,36 MESES,1000 L,1000 ML,RATAR,,,,
04/05/2023,SULFATROPHIN INYECTABLE,305SI02,2026-05,36 MESES,300 L,"10 ML
50 ML
100 ML",DECNO,,,,
05/05/2023,CIPERMETRINA,305CI04,2026-05,36 MESES,1000 L,"20 ML
100 ML
1000 ML",RATAR,,,,
23/05/2023,VANOVET,305VV02,2026-05,36 MESES,1000 L,"1000 ML
3750 ML
18,75 L",FARMATEC,,,,
12/05/2023,AVICUR POLVO,305AC06,2026-05,36 MESES,300 KG,"12,5 KG",PROQUIVET,,,,
12/05/2023,AVICUR POLVO,305AC07,2026-05,36 MESES,300 KG,"12,5 KG",PROQUIVET,,,,
NE,PREV-OX,305PV09,2026-05,36 MESES,19600 KG,25 KG,ITALCOL,,,,
16/05/2023,AVICUR POLVO,305AC05,2026-05,36 MESES,300 KG,1 KG,PROQUIVET,,,,
17/05/2023,ERIPANTO,305EP02,2026-05,36 MESES,"100,008 KG",24 G,FARMANDINA,,,,
23/05/2023,VANOVET,305VV04,2026-05,36 MESES,1000 L,"120 ML
1000 ML",FARMATEC,,,,
23/05/2023,VANOVET,305VV05,2026-05,36 MESES,1000 L,"1000 ML
18,75 L",FARMATEC,,,,
NE,AUROMECK INYECTABLE,305AM02,2026-05,36 MESES,300 L,"50 ML
200 ML
500 ML",SFC,,,,
NE,Q-IVERMEC 3.5,305QI02,2026-05,36 MESES,300 L,"50 ML
250 ML
500 ML",SFC,,,,
NE,Q-IVERMEC 3.5,305QI03,2026-05,36 MESES,200 L,"50 ML
250 ML
500 ML",SFC,,,,
NE,PREV-OX,305PV10,2026-05,36 MESES,19600 KG,25 KG,ITALCOL,,,,
14/06/2023,AUROPETS JABÓN,305AJ03,2026-05,36 MESES,1000 KG,"100 G
30 G",ARJONA,,,,
08/06/2023,CIPERMETRINA,306CI07,2026-06,36 MESES,1000 L,1000 ML,RATAR,,,,
08/06/2023,CIPERMETRINA,306CI08,2026-06,36 MESES,1000 L,1000 ML,RATAR,,,,
08/06/2023,CIPERMETRINA,306CI09,2026-06,36 MESES,1000 ML,1000 ML,RATAR,,,,
14/06/2023,AVICUR POLVO,306AC04,2026-06,36 MESES,300 KG,20 G,PROQUIVET,,,,
NE,PREV-OX,306PV11,2026-06,36 MESES,19600 KG,25 KG,ITALCOL,,,,
NE,PREV-OX,306PV12,2026-06,36 MESES,19600 KG,25 KG,ITALCOL,,,,
30/06/2023,AVICUR POLVO,307AC09,2026-07,36 MESES,300 KG,1 KG,PROQUIVET,,,,
30/06/2023,AVICUR POLVO,307AC10,2026-07,36 MESES,300 KG,"12,5 KG",PROQUIVET,,,,
30/06/2023,AVICUR POLVO,307AC11,2026-07,36 MESES,300 KG,"12,5 KG",PROQUIVET,,,,
14/07/2023,CIPERMETRINA,307CI10,2026-07,36 MESES,1000 L,1000 ML,RATAR,,,,
14/07/2023,AUROTILMICOSIN,307AT01,2026-07,36 MESES,200 L,"240 ML
1000 ML",QOPPA,,,,
11/07/2023,VANOVET,307VV06,2026-07,36 MESES,1000 L,"120 ML
1000 ML
3750 ML",FARMATEC,,,,
11/07/2023,VANOVET,307VV07,2026-07,36 MESES,1000 L,"1000 ML
18,75 L",FARMATEC,,,,
24/07/2023,CIPERMETRINA,307CI11,2026-07,36 MESES,1000 L,"20 ML
100 ML
500 ML",RATAR,,,,
NE,PREV-OX,307PV13,2026-07,36 MESES,19600 KG,25 KG,ITALCOL,,,,
NE,PREV-OX ACUA,307PA02,2026-07,#N/D,5600 KG,25 KG,ITALCOL,,,,
NE,Q-FLORFEN,311FL05,2026-08,33 MESES,9800 KG,25 KG,PROQUIVET,,,,
02/08/2023,BOLDEBIG,308BO02,2026-08,36 MESES,400 L,"250 ML
500 ML",DECNO,,,,
11/08/2023,AUROPETS JABÓN,308AJ04,2026-08,36 MESES,500 KG,100 G,ARJONA,,,,
14/08/2023,ERIPANTO,308EP03,2026-08,36 MESES,"100,008 KG",24 G,FARMANDINA,,,,
15/08/2023,AVICUR POLVO,308AC08,2026-08,36 MESES,300 KG,20 G,PROQUIVET,,,,
17/08/2023,CIPERMETRINA,308CI12,2026-08,36 MESES,1000 L,"20 ML
100 ML
500 ML",RATAR,,,,
16/08/2023,VANOVET,308VV09,2026-08,36 MESES,1000 L,"1000 L
18,75 L",FARMATEC,,,,
16/08/2023,VANOVET,308VV11,2026-08,36 MESES,1000 L,"1000 L
18,75 L",FARMATEC,,,,
16/08/2023,VANOVET,308VV10,2026-08,36 MESES,1000 L,"120 ML
1000 ML
3750 ML",FARMATEC,,,,
24/08/2023,RAFOXANIDE,308RA01,2026-08,36 MESES,1000 L,"30 ML
120 ML
1000 ML",QOPPA,,,,
NE,PREV-OX,308PV14,2026-08,36 MESES,19600 KG,25 KG,ITALCOL,,,,
22/09/2023,AUROPUPPY,308PE02,2026-08,36 MESES,200 L,"2,5 ML
5 ML",QOPPA,,,,
NE,PREV-OX ACUA,308PA03,2026-08,#N/D,5600 KG,25 KG,ITALCOL,,,,
NE,Q-FLORFEN,312FL06,2026-09,33 MESES,7000 KG,25 KG,PROQUIVET,,,,
19/09/2023,VANOVET,309VV08,2026-09,36 MESES,1000 L,"120 ML
1000 ML",FARMATEC,,,,
13/09/2023,AUROMECK INYECTABLE,309AM03,2026-09,36 MESES,300 L,"50 ML
200 ML
500 ML",DECNO,,,,
13/09/2023,CIPERMETRINA,309CI13,2026-09,36 MESES,1000 L,1000 ML,RATAR,,,,
13/09/2023,CIPERMETRINA,309CI14,2026-09,36 MESES,1000 L,"500 ML
1000 ML",RATAR,,,,
NE,PREV-OX,309PV15,2026-09,36 MESES,19600 KG,25 KG,ITALCOL,,,,
15/09/2023,Q-IVERMEC 3.5,309QI04,2026-09,36 MESES,500 L,"50 ML
250 ML
500 ML",DECNO,,,,
19/09/2023,AVICUR POLVO,309AC12,2026-09,36 MESES,300 KG,1 KG,PROQUIVET,,,,
19/09/2023,AVICUR POLVO,309AC13,2026-09,36 MESES,300 KG,"12,5 KG",PROQUIVET,,,,
19/09/2023,AVICUR POLVO,309AC14,2026-09,36 MESES,300 KG,"12,5 KG",PROQUIVET,,,,
28/09/2023,AUROPETS JABÓN,309AJ05,2026-09,36 MESES,1000 KG,100 G,ARJONA,,,,
NE,PREV-OX,309PV16,2026-09,36 MESES,19600 KG,25 KG,ITALCOL,,,,
NE,Q-MICOSPECTIN L,309MC01L,2026-09,36 MESES,2800 KG,25 KG,PROQUIVET,,,,
NE,PREV-OX ACUA,309PA04,2026-09,#N/D,5600 KG,25 KG,ITALCOL,,,,
10/10/2023,CIPERMETRINA,310CI15,2026-10,36 MESES,1000 L,1000 ML,RATAR,,,,
10/10/2023,CIPERMETRINA,310CI16,2026-10,36 MESES,1000 ML,1000 ML,RATAR,,,,
13/10/2023,BOLDEBIG,310BO03,2026-10,36 MESES,400 L,"50 ML
250 ML
500 ML",DECNO,,,,
19/10/2023,CIPERMETRINA,310CI17,2026-10,36 MESES,1000 L,1000 ML,RATAR,,,,
19/10/2023,CIPERMETRINA,310CI18,2026-10,36 MESES,1000 L,1000 ML,RATAR,,,,
19/10/2023,CIPERMETRINA,310CI20,2026-10,36 MESES,1000 ML,1000 ML,RATAR,,,,
23/10/2023,VANOVET,310VV12,2026-10,36 MESES,1000 L,"120 ML
1000 ML",FARMATEC,,,,
NE,PREV-OX,310PV17,2026-10,36 MESES,19600 KG,25 KG,ITALCOL,,,,
27/10/2023,AVICUR POLVO,310AC15,2026-10,36 MESES,300 KG,20 G,PROQUIVET,,,,
27/10/2023,VANOVET,310VV13,2026-10,36 MESES,1000 L,"1000 ML
18,75 L",FARMATEC,,,,
27/10/2023,VANOVET,310VV14,2026-10,36 MESES,1000 L,"1000 ML
3750 ML",FARMATEC,,,,
27/10/2023,VANOVET,310VV15,2026-10,36 MESES,1000 L,"120 ML
3750 ML",FARMATEC,,,,
NE,Q-MICOSPECTIN L,310MC02L,2026-10,36 MESES,2350 KG,25 KG,PROQUIVET,,,,
07/11/2023,AUROCHAMPU-P,311AP02,2026-11,36 MESES,240 L,120 ML,RATAR,,,,
NE,PREV-OX,311PV18,2026-11,36 MESES,19600 KG,25 KG,ITALCOL,,,,
15/11/2023,ERIPANTO INYECTABLE,311EI02,2026-11,36 MESES,20 L,50 ML,DECNO,,,,
15/11/2023,ERIPANTO INYECTABLE,311EI03,2026-11,36 MESES,20 L,50 ML,DECNO,,,,
15/11/2023,ERIPANTO INYECTABLE,311EI04,2026-11,36 MESES,20 L,50 ML,DECNO,,,,
16/11/2023,CIPERMETRINA,311CI19,2026-11,36 MESES,1000 L,"20 ML
100 ML
500 ML",RATAR,,,,
16/11/2023,CIPERMETRINA,311CI21,2026-11,36 MESES,1000 L,1000 ML,RATAR,,,,
16/11/2023,CIPERMETRINA,311CI22,2026-11,36 MESES,1000 L,1000 ML,RATAR,,,,
20/11/2023,CABATEL,311CA02,2026-11,36 MESES,200 L,"20 ML
500 ML",QOPPA,,,,
NE,Q-MICOSPECTIN,311MC04,2026-11,36 MESES,1075 KG,25 KG,PROQUIVET,,,,
NE,PREV-OX,312PV19,2026-11,36 MESES,19600 KG,25 KG,ITALCOL,,,,
13/12/2023,VANOVET,312VV16,2026-12,36 MESES,1000 L,"1000 ML
3750 ML",FARMATEC,,,,
,Q-MICOSPECTIN,312MC05,2026-12,36 MESES,500 KG,25 KG,PROQUIVET,,,,
,Q-MICOSPECTIN,312MC05-2,2026-12,36 MESES,500 KG,25 KG,PROQUIVET,,,,
13/12/2023,VANOVET,312VV17,2026-12,36 MESES,1000 L,"1000 ML
3750 ML",FARMATEC,,,,
,Q-MICOSPECTIN,312MC05-3,2026-12,36 MESES,1100 KG,25 KG,PROQUIVET,,,,
NE,PREV-OX,312PV20,2026-12,36 MESES,19600 KG,25 KG,ITALCOL,,,,
NE,PREV-OX ACUA,312PA05,2026-12,#N/D,5600 KG,25 KG,ITALCOL,,,,
13/12/2023,AUROPETS JABÓN,401AJ01,2027-01,36 MESES,500 KG,100 G,ARJONA,,,,
N.A,CIPERMETRINA,401CI01,2027-01,36 MESES,1000 L,1000 ML,RATAR,,,,
N.A,CIPERMETRINA,401CI02,2027-01,36 MESES,1000 L,1000 ML,RATAR,,,,
N.A,CIPERMETRINA,401CI03,2027-01,36 MESES,1000 L,1000 ML,RATAR,,,,
27/01/2023,AUROUNGUENTO,301UG01,2027-01,48 MESES,100 KG,"100 G
500 G",QOPPA,,,,
23/02/2023,PORCIX,302PO01,2027-02,48 MESES,300 KG,20 G,PROQUIVET,,,,
21/03/2023,SULFACOCCIDIOL,303SC01,2027-03,48 MESES,300 KG,"25 G
1 KG",PROQUIVET,,,,
14/04/2023,SULFACOCCIDIOL,304SC02,2027-04,48 MESES,200 KG,1 KG,PROQUIVET,,,,
09/06/2023,PORCIX,306PO02,2027-06,48 MESES,200 KG,20 G,PROQUIVET,,,,
07/07/2023,SULFACOCCIDIOL,307SC03,2027-07,48 MESES,300 KG,"25 G
1 KG",PROQUIVET,,,,
NA,SULFACOCCIDIOL,308SC04,2027-08,48 MESES,300 KG,"25 G
1 KG",PROQUIVET,,,,
24/08/2023,SULFACOCCIDIOL,308SC04,2027-08,48 MESES,300 KG,"25 G
1 KG",PROQUIVET,,,,
15/09/2023,SULFACOCCIDIOL,309SC05,2027-09,48 MESES,300 KG,1 KG,PROQUIVET,,,,
15/09/2023,PORCIX,309PO03,2027-09,48 MESES,300 KG,20 G,PROQUIVET,,,,
09/10/2023,COCCIDIOL,309CP01,2027-09,48 MESES,300 KG,"25 G
1 KG",PROQUIVET,,,,
20/11/2023,AUROUNGUENTO,311UG02,2027-11,48 MESES,100 KG,"100 G
500 G",QOPPA,,,,
30/05/2023,Q-FLORFEN,PILOTO 1,N.A,33 MESES,30 KG,100 G,PROQUIVET,,,,
30/05/2023,Q-FLORFEN,PILOTO 2,N.A,33 MESES,30 KG,100 G,PROQUIVET,,,,
30/05/2023,Q-FLORFEN,PILOTO 3,N.A,33 MESES,30 KG,100 G,PROQUIVET,,,,
27/01/2023,ANAPIRAN,PILOTO 1,N.E,24 MESES,40 L,50 ML,DECNO,,,,
27/01/2023,ANAPIRAN,PILOTO 2,N.E,24 MESES,40 L,50 ML,DECNO,,,,
27/01/2023,ANAPIRAN,PILOTO 3,N.E,24 MESES,40 L,50 ML,DECNO,,,,
21/02/2023,ERIPANTO INYECTABLE,PILOTO 1,N.E,36 MESES,20 L,50 ML,DECNO,,,,
21/02/2023,ERIPANTO INYECTABLE,PILOTO 2,N.E,36 MESES,20 L,50 ML,DECNO,,,,
21/02/2023,ERIPANTO INYECTABLE,PILOTO 3,N.E,36 MESES,20 L,50 ML,DECNO,,,,
27/01/2023,AUROUNGUENTO,PILOTO 1,N.E,48 MESES,10 KG,100 ML,QOPPA,,,,
27/01/2023,AUROUNGUENTO,PILOTO 2,N.E,48 MESES,10 KG,100 ML,QOPPA,,,,
27/01/2023,AUROUNGUENTO,PILOTO 3,N.E,48 MESES,10 KG,100 ML,QOPPA,,,,
PRODUCTO,LOTE,F.V OP,TAMAÑO DE LOTE,PRESENTACIONES DE LA OP,MAQUILADOR REAL,,,,,,
Q-MUTIN,311MT14,2025-11,19600 KG,25 KG,ITALCOL,,,,,,
Q-MICOSPECTIN,401MC01,2027-01,2800 KG,25 KG,ITALCOL,,,,,,
AUROESENCIAL,401ES01,2026-01,1000 KG,25 KG,ITALCOL,,,,,,
HEPAXYN,401HP01,2026-01,10500 KG,25 KG,ITALCOL,,,,,,
AUROQUINOL 60,401AQ01,2026-01,5600 KG,25 KG,GDI,,,,,,
PORCIX,401PO01,2028-01,300 KG,20 G,PROQUIVET,,,,,,
PREV-OX AQUA,401PA01,2027-01,5600 KG,25 KG,ITALCOL,,,,,,
PREV-OX,401PV01,2027-01,19600 KG,25 KG,ITALCOL,,,,,,
Q-MICOSPECTIN,401MC02,2027-01,2800 KG,25 KG,ITALCOL,,,,,,
Q-MUTIN,401MT01,2026-01,19600 KG,25 KG,ITALCOL,,,,,,
CREO-TAY,402CT02,2026-02,1000 L,3800 ML,FARMATEC,,,,,,
CREO-TAY,402CT01,2026-02,1000 L,"1000 ML
20 L",FARMATEC,,,,,,
PREV-OX,402PV02,2027-02,9800 KG,25 KG,ITALCOL,,,,,,
CIPERMETRINA,402CI01,2027-02,1000 L,1000 ML,RATAR,,,,,,
CIPERMETRINA,402CI02,2027-02,1000 L,1000 ML,RATAR,,,,,,
CIPERMETRINA,402CI03,2027-02,1000 L,1000 ML,RATAR,,,,,,
Q-MUTIN,401MT02,2026-01,19600 KG,25 KG,ITALCOL,,,,,,
AURORAC,401RC01,2026-01,9600 KG,25 KG,ITALCOL,,,,,,
Q-SULFATYL-T,401SF02T,2026-12,1400 KG,25 KG,ITALCOL,,,,,,
CIPROFARM,401CX01,2026-01,1400 KG,25 KG,ITALCOL,,,,,,
PREV-OX,402PV03,2027-02,19600 KG,25 KG,ITALCOL,,,,,,
PREV-OX AQUA,402PA02,2027-02,5600 KG,25 KG,ITALCOL,,,,,,
PRO-HEALT,401HL01,2025-01,5600 KG,25 KG,ITALCOL,,,,,,
AUROQUINOL 60,402AQ02,2026-02,19600 KG,25 KG,ITALCOL,,,,,,
Q-NORFLOXAN,402NF01,2026-08,500 L,"20 ML
100 ML
1000 ML",QOPPA,,,,,,
Q-NORFLOXAN,402NF02,2026-08,500 L,"20 ML
100 ML
1000 ML",QOPPA,,,,,,
Q-NORFLOXAN,402NF03,2026-08,500 L,"100 ML
1000 ML",QOPPA,,,,,,
DOXYCOL,402DO01,2026-02,300 KG,"150 G
1 KG",PROQUIVET,,,,,,
DOXYCOL,402DO02,2026-02,100 KG,"150 G
1 KG",PROQUIVET,,,,,,
DOXYCOL,402DO03,2026-02,100 KG,"150 G
1 KG",PROQUIVET,,,,,,
AUROVITEL,403AV01,2026-03,300 KG,20 G,PROQUIVET,,,,,,
PORCIX,403PO02,2028-03,300 KG,20 G,PROQUIVET,,,,,,
BOLDEBIG,403BO01,2027-03,400 L,"50 ML
250 ML
500 ML",DECNO,,,,,,
AVICUR POLVO,402AC01,2027-02,300 KG,"12,5 KG",PROQUIVET,,,,,,
AVICUR POLVO,403AC03,2027-03,300 KG,1 KG,PROQUIVET,,,,,,
Q-MUTIN,402MT03,2026-02,19600 KG,25 KG,ITALCOL,,,,,,
Q-FLORFEN,401FL01,2026-10,2950 KG,25 KG,ITALCOL,,,,,,
GLH-20,402GL01,2025-02,1000 L,"3800 ML
20 L",FARMATEC,,,,,,
GLH-20,402GL02,2025-02,1000 L,"3800 ML
20 L",FARMATEC,,,,,,
PREV-OX,402PV03,2027-02,19600 KG,25 KG,ITALCOL,,,,,,
Q-SULFATYL-T,402SF03T,2026-02,9800 KG,25 KG,ITALCOL,,,,,,
CIPERMETRINA,402CI04,2027-02,1000 L,1000 ML,RATAR,,,,,,
PREV-OX,402PV04,2027-02,19600 KG,25 KG,ITALCOL,,,,,,
AUROQUINOL 60,402AQ02,2026-02,19600 KG,25 KG,ITALCOL,,,,,,
AVICUR POLVO,402AC02,2027-02,300 KG,12.5 KG,PROQUIVET,,,,,,
Q-SULFATYL-T,402SF04T,2026-02,5600 KG,25 KG,ITALCOL,,,,,,
Q-MUTIN,402MT04,2026-02,19600 KG,25 KG,ITALCOL,,,,,,
Q-CLORMUTIN,402CM01,2026-02,2800 KG,25 KG,ITALCOL,,,,,,
CREO-TAY,403CT04,2026-03,1000 L,"3800 ML
20 L",FARMATEC,,,,,,
CIPERMETRINA,402CI05,2027-02,1000 L,1000 ML,RATAR,,,,,,
CIPERMETRINA,403CI06,2027-03,1000 L,1000 ML,RATAR,,,,,,
VANOVET,403VV02,2027-03,1000 L,"1000 ML
3750 ML
18,75 L",FARMATEC,,,,,,
AUROESENCIAL,403ES02,2026-03,5975 KG,25 KG,ITALCOL,,,,,,
CIPERMETRINA,402CI05,2027-02,1000 L,"20 ML
1000 ML",RATAR,,,,,,
AUROFRESH CHAMPU,403AF01,2026-03,1000 L,120 ML,QOPPA,,,,,,
BRIO PERFORMANCE,403BP01,2026-03,300 KG,2 KG,PROQUIVET,,,,,,
CABATEL NF,403CN01,2026-03,100 L,"20 ML
100 ML
500 ML",QOPPA,,,,,,
AUROCEF POLVO,403CF01,2026-03,1 KG,"1 G
4 G",LIXMAR,,,,,,
AUROCEF DILUENTE,403CF01,2026-03,20 L,"20 ML
80 ML",LIXMAR,,,,,,
AUROFARVIT ORAL,403FO01,2026-03,1020 L,120 ML,QOPPA,,,,,,
AUROFARVIT ORAL,403FO02,2026-03,1020 L,4000 ML,QOPPA,,,,,,
Q-MUTIN,403MT05,2026-03,19600 KG,25 KG,ITALCOL,,,,,,
Q-FLORFEN,402FL02,2026-11,4800 KG,25 KG,ITALCOL,,,,,,
AVICUR POLVO,403AC04,2027-03,300 KG,"12,5 KG",PROQUIVET,,,,,,
FLY NO MORE,403FN01 - DESARROLLO,N.A,600 L,1500 ML,EL CUARTO HOMBRE,,,,,,
HEPAXYN,402HP02,2026-02,9800 KG,25 KG,ITALCOL,,,,,,
SULFACOCCIDIOL,404SC01,2028-04,300 KG,"25 G
1 KG",PROQUIVET,,,,,,
PULPHOX,404PH01,2027-04,300 KG,100 G,RATAR,,,,,,
PRO-HEALT,403HL02,2025-03,5600 KG,25 KG,ITALCOL,,,,,,
CIPROFARM,403CX02,2026-03,1400 KG,25 KG,ITALCOL,,,,,,
Q-SULFATYL-T,402SF04T,2026-02,5600 KG,25 KG,ITALCOL,,,,,,
AURORAC,403RC03,2026-03,9600 KG,25 KG,ITALCOL,,,,,,
Q-MUTIN,403MT06,2026-03,19600 KG,25 KG,ITALCOL,,,,,,
ANAPIRAN,404AN01,2026-04,100 L,"50 ML
250 ML
500 ML",DECNO,,,,,,
ANAPIRAN,404AN02,2026-04,100 L,"50 ML
250 ML
500 ML",DECNO,,,,,,
ANAPIRAN,404AN03,2026-04,100 L,"50 ML
250 ML
500 ML",DECNO,,,,,,
CREO-TAY,404CT03,2026-04,1000 L,"120 ML
250 ML
500 ML",FARMATEC,,,,,,
VANOVET,404VV01,2027-04,1000 L,"120 ML
3750 ML",FARMATEC,,,,,,
MELOXIDOL,404ME01,2026-04,100 L,"10 ML
50 ML
100 ML",DECNO,,,,,,
VANOVET,404VV03,2027-04,1000 L,"1000 ML
3750 ML",FARMATEC,,,,,,
Q-OXY 200 L.A,404OX01,2026-04,500 L,"50 ML
100 ML
250 ML
500 ML",DECNO,,,,,,
SULFATROPHIN INYECTABLE,404SI01,2027-04,300 L,"10 ML
50 ML
100 ML",DECNO,,,,,,
POWERQUIN,404PW02,2026-04,1500 KG,100 G,DISTRIBUCIONES RIVERA,,,,,,
FERRYDECK,404FD01,2026-04,100 L,"50 ML
100 ML",DECNO,,,,,,
VANOVET,405VV04,2027-05,1000 L,"1000 ML
3750 ML
18,75 L",FARMATEC,,,,,,
VANOVET,405VV05,2027-05,1000 L,"1000 ML
18,75 L",FARMATEC,,,,,,
PANTOX,404PX15,2026-04,22100 KG,25 KG,GDI,,,,,,
CIPERMETRINA,404CI06,2027-04,2000 L,1000 ML,INSEC,,,,,,
AVICUR POLVO,404AC05,2027-04,300 KG,20 G,PROQUIVET,,,,,,
AVICUR POLVO,404AC06,2027-04,300 KG,"12,5 KG",PROQUIVET,,,,,,
AVICUR POLVO,404AC07,2027-04,300 KG,1 KG,PROQUIVET,,,,,,
NICARCOX,404NX01,2026-04,9300 KG,25 KG,ITALCOL,,,,,,
Q-NEST,404QN01,2025-04,3000 KG,25 KG,ITALCOL,,,,,,
CIPROFARM,404CX01,2026-04,100 KG,"150 G
1 KG",PROQUIVET,,,,,,
CIPROFARM,404CX02,2026-04,100 KG,"150 G
1 KG",PROQUIVET,,,,,,
CIPROFARM,404CX03,2026-04,100 KG,"150 G
1 KG",PROQUIVET,,,,,,
Q-FLORFEN,404FL03,2027-01,7000 KG,25 KG,ITALCOL,,,,,,
PREV-OX,404PV06,2027-04,19600 KG,25 KG,ITALCOL,,,,,,
FLORMIX,404FX01,2026-04,300 L,"1000 ML
2000 ML
4000 ML",QOPPA,,,,,,
FLORMIX,404FX02,2026-04,300 L,"1000 ML
2000 ML
4000 ML",QOPPA,,,,,,
FLORMIX,404FX03,2026-04,300 L,"1000 ML
2000 ML
4000 ML",QOPPA,,,,,,
AUROQUINOL 60,403AQ04,2026-03,14000 KG,25 KG,ITALCOL,,,,,,
AUROVITEL,404AV02,2026-04,300 KG,20 G,PROQUIVET,,,,,,
Q-FLORFEN,404FL01,2027-01,100 KG,"150 G
1 KG",PROQUIVET,,,,,,
Q-FLORFEN,404FL02,2027-01,100 KG,"150 G
1 KG",PROQUIVET,,,,,,
Q-FLORFEN,404FL03,2027-01,100 KG,"150 G
1 KG",PROQUIVET,,,,,,
CIPERMETRINA,404CI07,2027-04,2000 L,1000 ML,INSEC,,,,,,
BRILLAPEL,405BR01,2026-05,300 KG,2 KG,PROQUIVET,,,,,,
AUROPETS PERFORMANCE,405AE01,2026-05,50 KG,200 G,FARMANDINA,,,,,,
GLH-20,404GL03,2025-04,1000 L,"3800 ML
20 L",FARMATEC,,,,,,
GLH-20,404GL04,2025-04,1000 L,3800 ML,FARMATEC,,,,,,
Q-MUTIN,404MT07,2026-04,19600 KG,25 KG,ITALCOL,,,,,,
CIPROFARM,404CX03,2026-04,1400 KG,25 KG,ITALCOL,,,,,,
HEPAXYN,404HP03,2026-04,5600 KG,25 KG,ITALCOL,,,,,,
AVICUR POLVO,405AC09,2027-05,300 KG,"12,5 KG",PROQUIVET,,,,,,
AVICUR POLVO,405AC10,2027-05,300 KG,"12,5 KG",PROQUIVET,,,,,,
AVICUR POLVO,405AC11,2027-05,300 KG,1 KG,PROQUIVET,,,,,,
Q-MICOSPECTIN,404MC03,2027-04,4200 KG,25 KG,ITALCOL,,,,,,
AVICUR POLVO,405AC08,2027-05,200 KG,20 G,PROQUIVET,,,,,,
PREV-OX,405PV07C,2027-05,19600 KG,25 KG,ITALCOL,,,,,,
AURORAC,405RC05,2026-05,9800 KG,25 KG,GDI,,,,,,
AUROTILMICOSIN,405AT01,2027-05,200 L,"10 ML
240 ML
1000 ML",QOPPA,,,,,,
CIPERMETRINA,405CI08,2027-05,2000 L,1000 ML,INSEC,,,,,,
AUROQUINOL 60,404AQ05,2026-03,19600 KG,25 KG,ITALCOL,,,,,,
CIPERMETRINA,405CI10,2027-05,2000 L,1000 ML,RATAR,,,,,,
AUROFARVIT ORAL,405FO03,2026-05,1020 L,120 ML,QOPPA,,,,,,
AUROFARVIT ORAL,405FO04,2026-05,1020 L,4000 ML,QOPPA,,,,,,
CIPERMETRINA,405CI11,2027-05,2000 L,1000 ML,INSEC,,,,,,
CIPERMETRINA,405CI12,2027-05,2000 L,1000 ML,INSEC,,,,,,
HEPAXYN,405HP04,2026-05,4200 KG,25 KG,GDI,,,,,,
AURORAC,404RC02,2026-04,11200 KG,25 KG,ITALCOL,,,,,,
CIPERMETRINA,405CI09,2027-05,1000 L,"20 ML
100 ML
500 ML
1000 ML",RATAR,,,,,,
EQUINOLISINA,405EQ01,2026-05,300 KG,1 KG,FARMANDINA,,,,,,
PREV-OX,405PV09C,2027-05,19600 KG,25 KG,ITALCOL,,,,,,
AUROFARVIT INYECTABLE,405FI01,2026-05,500 L,"250 ML
500 ML",DECNO,,,,,,
AUROFARVIT INYECTABLE,405FI02,2026-05,500 L,"10 ML
50 ML
100 ML
250 ML
500 ML",DECNO,,,,,,
AUROQUINOL 60,405AQ06,2026-05,4200 KG,25 KG,GDI,,,,,,
DOXYCOL,405DO04,2026-05,300 KG,"150 G
1 KG",PROQUIVET,,,,,,
DOXYCOL,405DO05,2026-05,300 KG,"150 G
1 KG",PROQUIVET,,,,,,
Q-TARTILO 100,406TT02,2025-12,300 KG,"50 G
1 KG",FARMANDINA,,,,,,
COCCIDIOL,407CP01,2028-07,300 KG,"25 G
1 KG",PROQUIVET,,,,,,
SULFATROPHIN ORAL,406SO01,2026-06,500 L,"10 ML
50 ML
100 ML
1000 ML",QOPPA,,,,,,
AURODIARREGAN NF,406DN01,2026-06,300 KG,"20 G X 10 SB
20 G X 50 SB",PROQUIVET,,,,,,
AUROPUPPY,405PE01,2027-05,300 L,"2,5 ML
5 ML",QOPPA,,,,,,
BRILLAPEL,406BR02,2026-06,300 KG,150 G,PROQUIVET,,,,,,
BRILLAPEL,406BR03,2026-06,300 KG,150 G,PROQUIVET,,,,,,
VANOVET,406VV07,2027-06,1000 L,"1000 ML
3750 ML
18,75 L",FARMATEC,,,,,,
VANOVET,406VV06,2027/06,1000 L,"120 ML
3750 ML",FARMATEC,,,,,,
GLH-20,406GL05,2025/06,1000 L,"3800 ML
20L",FARMATEC,,,,,,
Q-IVERMEC 3.5,407QI01,2027-07,500 L,"50 ML
500 ML",SFC,,,,,,
SULFATROPHIN ORAL,406SO02,2026-06,500 L,"10 ML
100 ML
1000 ML",QOPPA,,,,,,
AUROFRESH CHAMPU,406AF02,2026-06,1000 L,120 ML,QOPPA,,,,,,
CABATEL NF,406CN02,2026-06,100 L,"20 ML
100 ML
500 ML",QOPPA,,,,,,
CABATEL NF,406CN03,2026-06,100 ML,"20 ML
100 ML
500 ML",QOPPA,,,,,,
Q-NORFLOXAN,407NF04,2027-01,1000 L,"20 ML
100 ML
1000 ML",QOPPA,,,,,,
SULFACOCCIDIOL,407SC02,2028-07,300 LG,1 KG,PROQUIVET,,,,,,
AUROFARVIT ORAL,407FO05,2026-07,1020 L,1000 ML,QOPPA,,,,,,
AUROFARVIT ORAL,407FO06,2026-07,1020 L,120 ML,QOPPA,,,,,,
BOLDEBIG,407BO02,2027-07,400 L,"50 ML
250 ML
500 ML",DECNO,,,,,,
BOLDEBIG,407BO03,2027-07,400 L,"50 ML
250 ML
500 ML",DECNO,,,,,,
BOLDEBIG,407BO04,2027-07,400 L,"50 ML
250 ML
500 ML",DECNO,,,,,,
ERIPANTO,407EP01,2027-07,50 KG,24 G,BLISTECO,,,,,,
ERIPANTO,407EP02,2027-07,50 KG,24 G,BLISTECO,,,,,,
ERIPANTO,407EP03,2027-07,50 KG,24 G,BLISTECO,,,,,,
CIPERMETRINA,407CI13,2027-07,1000 L,"20 ML
100 ML
500 ML",RATAR,,,,,,
CIPERMETRINA,407CI14,2027-07,1000 ML,"20 ML
100 ML
500 ML",RATAR,,,,,,
CIPERMETRINA,407CI15,2027-07,1000 ML,"20 ML
100 ML
500 ML",RATAR,,,,,,
BRILLAPEL,407BR07,2026-07,300 KG,150 G,PROQUIVET,,,,,,
BRILLAPEL,407BR08,2026-07,300 KG,150 G,PROQUIVET,,,,,,
BRILLAPEL,407BR09,2026-07,300 KG,150 G,PROQUIVET,,,,,,
BRILLAPEL,407BR10,2026-07,300 KG,150 G,PROQUIVET,,,,,,
AUROTEL,407AU01,2026-07,200 L,250 ML,QOPPA,,,,,,
GLH-20,407GL06,2025-07,1000 L,20 L,FARMATEC,,,,,,
FLY NO MORE,407FN02,N.A.,1500 L,1500 ML,EL CUARTO HOMBRE,,,,,,
AUROFRESH CHAMPU,407AF02,2026-07,1000 L,"120 ML
2000 ML",QOPPA,,,,,,
AUROCHAMPU-P,408AP01,2027-08,240 L,120 ML,RATAR,,,,,,
CREO-TAY,407CT06,2026-07,1000 L,"1000 ML
3800 ML
20 L",FARMATEC,,,,,,
VANOVET,407VV08,2027-07,1000 L,"1000 ML
3750 ML
18,75 L",FARMATEC,,,,,,
CREO-TAY,407CT05,2026-07,1000 L,"120 ML
250 ML
500 ML
1000 ML",FARMATEC,,,,,,
BRILLAPEL,407BR11,2026-07,300 KG,150 G,PROQUIVET,,,,,,
BRILLAPEL,407BR12,2026-07,300 KG,150 G,PROQUIVET,,,,,,
BRILLAPEL,408BR13,2026-08,300 KG,150 G,PROQUIVET,,,,,,
BRILLAPEL,408BR14,2026-08,300 KG,150 G,PROQUIVET,,,,,,
BRILLAPEL,408BR15,2026-08,300 KG,150 G,PROQUIVET,,,,,,
BRILLAPEL,408BR16,2026-08,300 KG,150 G,PROQUIVET,,,,,,
BRILLAPEL,408BR17,2026-08,300 KG,150 G,PROQUIVET,,,,,,
BRILLAPEL,408BR18,2026-08,300 KG,150 G,PROQUIVET,,,,,,
BRILLAPEL,408BR19,2026-08,300 KG,150 G,PROQUIVET,,,,,,
BRILLAPEL,408BR20,2026-08,300 KG,150 G,PROQUIVET,,,,,,
BRILLAPEL,408BR21,2026-08,300 KG,150 G,PROQUIVET,,,,,,
AUROLITOS,408AO01,2026-08,300 KG,1 KG,PROQUIVET,,,,,,
BRIO INCREASE,408BI01,2026-08,300 KG,2 KG,PROQUIVET,,,,,,
AUROPETS INCREASE,408AI01,2026-08,50 KG,200 G,FARMANDINA,,,,,,
FERRYDECK,408FD02,2026-08,200 L,"10 ML
50 ML
100 ML",DECNO,,,,,,
PORCIX,408PO03,2028-08,300 KG,20 G,BLISTECO,,,,,,
Q-TARTILO 100,408TT03,2026-02,400 KG,1 KG,FARMANDINA,,,,,,
GLH-20,408GL07,2025-06,1000 L,3800 ML,FARMATEC,,,,,,
GLH-20,408GL08,2025-06,1000 L,3800 ML,FARMATEC,,,,,,
FLORMIX,408FX04,2026-08,800 L,"1000 ML
2000 ML
4000 ML",QOPPA,,,,,,
Q-NORFLOXAN,408NF05,2027-02,500 L,"20 ML
100 ML",QOPPA,,,,,,
AUROVITEL,408AV03,2026-08,300 KG,1 KG,BLISTECO,,,,,,
PENIDEXINA,408PS01,2026-08,"33,773 KG","4 MILLONES
8 MILLONES",LIXMAR,,,,,,
AUROVITEL,407AV04,2026-09,300 KG,"10 G
20 G",BLISTECO,,,,,,
RAFOXANIDE,408RA01,2027-07,300 L,"30 ML
120 ML",QOPPA,,,,,,
AUROTILMICOSIN,408AT02,2027-08,200 L,"10 ML
1000 ML",QOPPA,,,,,,
AUROFARVIT INYECTABLE,409FI03,2026-09,1000 L,"50 ML
100 ML
250 ML
500 ML",DECNO,,,,,,
CIPERMETRINA,408CI16,2027-08,2000 L,1000 ML,INSEC,,,,,,
CIPERMETRINA,408CI17,2027-08,2000 L,1000 ML,INSEC,,,,,,
CIPERMETRINA,408CI18,2027-08,2000 L,1000 ML,INSEC,,,,,,
AUROCEF DILUENTE,409CF02,2026-09,20 L,"20 ML
80 ML",LIXMAR,,,,,,
AUROCEF POLVO,409CF02,2026-09,1 KG,"1 G
4 G",LIXMAR,,,,,,
AUROFARVIT ORAL,409FO07,2026-09,1000 L,4000 ML,QOPPA,,,,,,
AUROFARVIT ORAL,409FO08,2026-09,1020 L,120 ML,QOPPA,,,,,,
AUROPETS JABÓN,409AJ02,2027-09,1000 KG,100 G,ARJONA,,,,,,
Q-IVERMEC 3.5,409QI02,2027-09,500 L,"50 ML
250 ML
500 ML",DECNO,,,,,,
ERIPANTO INYECTABLE,409EI01,2027-09,200 L,"50 ML
100 ML
250 ML",DECNO,,,,,,
SULFATROPHIN ORAL,409SO03,2026-09,800 L,"50 ML
100 ML
1000 ML",QOPPA,,,,,,
CREO-TAY,409CT07,2026-09,1000 L,"1000 ML
3800 ML
20 L",FARMATEC,,,,,,
CREO-TAY,409CT08,2026-09,1000 L,"3800 ML
20 L",FARMATEC,,,,,,
CREO-TAY,409CT09,2026-09,1000 L,"3800 ML
20 L",FARMATEC,,,,,,
VANOVET,409VV09,2027-09,1000 L,"120 ML
1000 ML",FARMATEC,,,,,,
VANOVET,409VV10,2027-09,1000 L,"1000 ML
3750 ML",FARMATEC,,,,,,
VANOVET,409VV11,2027-09,1000 L,"120 ML
1000 ML
18,75 L",FARMATEC,,,,,,
GLH-20,409GL09,2025-09,1000 L,"3800 ML
20 L",FARMATEC,,,,,,
Q-OXY 200 L.A,409OX02,2026-09,500 L,"50 ML
100 ML
500 ML",DECNO,,,,,,
COCCIDIOL,409CP02,2028-09,300 KG,25 G,PROQUIVET,,,,,,
COCCIDIOL,409CP03,2028-09,200 KG,1 KG,PROQUIVET,,,,,,
DOXYCOL,409DO06,2026-09,300 KG,"150 G
1 KG",BLISTECO,,,,,,
Q-OXY 200 L.A,410OX03,2026-10,500 L,500 ML,DECNO,,,,,,
MELOXIDOL,410ME02,2026-10,100 L,"10 ML
50 ML
100 ML",DECNO,,,,,,
SULFACOCCIDIOL,410SC03,2028-10,300 KG,25 G,PROQUIVET,,,,,,
AVICUR POLVO,410AC12,2027-08,300 KG,20 G,PROQUIVET,,,,,,
Q-IVERMEC 3.5,410QI03,2027-10,500 L,"50 ML
250 ML
500 ML",DECNO,,,,,,
AUROFARVIT INYECTABLE,410FI04,2026-10,500 L,"10 ML
50 ML
100 ML
250 ML
500 ML",DECNO,,,,,,
FLY NO MORE,410FN03,N.A.,3600 L,1500 ML,LOS ANDES,,,,,,
ANAPIRAN,410AN04,2026-10,500 L,"50 ML
250 ML
500 ML",DECNO,,,,,,
AUROFARVIT ORAL,410FO09,2026-10,1000 L,"120 ML
1000 ML",QOPPA,,,,,,
AUROTEL,410AU02,2026-10,200 L,250 ML,QOPPA,,,,,,
Q-TARTILO 100,410TT04,2026-03,300 KG,"50 G
1 KG",PROQUIVET,,,,,,
AVICUR POLVO,410AC13,2027-10,300 KG,"12,5 KG",PROQUIVET,,,,,,
AUROFARVIT ORAL,410FO10,2026-10,1000 L,1000 ML,QOPPA,,,,,,
AUROFARVIT ORAL,410FO11,2026-10,1000 L,4000 ML,QOPPA,,,,,,
CREO-TAY,410CT10,2026-10,1000 L,"250 ML
500 ML
3800 ML",FARMATEC,,,,,,
AUROZOLE 25 CO,410AZ01,2026-10,500 L,"500 ML
2000 ML",QOPPA,,,,,,
CIPERMETRINA,410CI19,2027-10,2000 L,1000 ML,INSEC,,,,,,
CIPERMETRINA,410CI20,2027-10,2000 L,1000 ML,INSEC,,,,,,
CIPERMETRINA,410CI21,2027-10,2000 L,1000 ML,INSEC,,,,,,
BRILLAPEL EMULSIÓN,410BE01,2026-10,500 L,"130 ML
270 ML",QOPPA,,,,,,
CIPERMETRINA,407CI15,2027-07,1000 L,"20 ML
100 ML
500 ML",INSEC,,,,,,
AUROVITEL,411AV05,2026-11,300 KG,1 KG,BLISTECO,,,,,,
AUROTEL,410AU03,2026-10,245 L,"2,5 ML
5 ML
10 ML",QOPPA,,,,,,
CABATEL NF,411CN04,2026-11,200 L,"20 ML
100 ML
500 ML",QOPPA,,,,,,
Q-CLORMUTIN,PILOTOS,N.A.,100 KG,"100 G
25 KG",PROQUIVET,,,,,,
Q-CLORMUTIN,PILOTO 1,N.A.,33 KG,100 G,PROQUIVET,,,,,,
Q-CLORMUTIN,PILOTO 2,N.A.,33 KG,100 G,PROQUIVET,,,,,,
Q-CLORMUTIN,PILOTO 3,N.A.,34 KG,100 G,PROQUIVET,,,,,,
Q-SULFATYL-T,PILOTOS,N.A.,100 KG,"100 G
25 KG",PROQUIVET,,,,,,
Q-SULFATYL-T,PILOTO 1,N.A.,33 KG,100 G,PROQUIVET,,,,,,
Q-SULFATYL-T,PILOTO 2,N.A.,33 KG,100 G,PROQUIVET,,,,,,
Q-SULFATYL-T,PILOTO 3,N.A.,34 KG,100 G,PROQUIVET,,,,,,
Q-TILMICOX,PILOTOS,N.A.,100 KG,"100 G
25 KG",PROQUIVET,,,,,,
Q-TILMICOX,PILOTO 1,N.A.,33 KG,100 G,PROQUIVET,,,,,,
Q-TILMICOX,PILOTO 2,N.A.,33 KG,100 G,PROQUIVET,,,,,,
Q-TILMICOX,PILOTO 3,N.A.,34 KG,100 G,PROQUIVET,,,,,,
Q-MUTIN NF,PILOTOS,N.A.,100 KG,"100 G
25 KG",PROQUIVET,,,,,,
Q-MUTIN NF,PILOTO 1,N.A.,33 KG,100 G,PROQUIVET,,,,,,
Q-MUTIN NF,PILOTO 2,N.A.,33 KG,100 G,PROQUIVET,,,,,,
Q-MUTIN NF,PILOTO 3,N.A.,34 KG,100 G,PROQUIVET,,,,,,
Q-SULFATYL,PILOTOS,N.A.,100 KG,"100 G
25 KG",PROQUIVET,,,,,,
Q-SULFATYL,PILOTO 1,N.A.,33 KG,100 G,PROQUIVET,,,,,,
Q-SULFATYL,PILOTO 2,N.A.,33 KG,100 G,PROQUIVET,,,,,,
Q-SULFATYL,PILOTO 3,N.A.,34 KG,100 G,PROQUIVET,,,,,,
Q-IVERMEC 3.5,411QI04,N.A.,1000 L,"250 ML
500 ML",DECNO,,,,,,
SULFACOCCIDIOL,411SC04,2028-11,300 KG,1 KG,PROQUIVET,,,,,,
AUROFARVIT INYECTABLE,411FI06,2026-11,1000 L,500 ML,DECNO,,,,,,
BOLDEBIG,411BO06,2027-11,800 L,"50 ML
250 ML
500 ML",DECNO,,,,,,
RAFOXANIDE,411RA02,2027-11,500 L,1000 ML,QOPPA,,,,,,
CIPROFARM,411CX04,2026-11,300 KG,1 KG,PROQUIVET,,,,,,
CIPROFARM,411CX05,2026-11,300 KG,1 KG,PROQUIVET,,,,,,
CIPROFARM,411CX06,2026-11,300 KG,1 KG,PROQUIVET,,,,,,
AUROFARVIT ORAL,411FO13,2026-11,1020 L,"1000 ML
4000 ML",QOPPA,,,,,,
AUROFARVIT ORAL,411FO14,2026-11,500 L,4000 ML,QOPPA,,,,,,
AUROFARVIT ORAL,411FO12,2026-11,1020 L,"120 ML
1000 ML",QOPPA,,,,,,
AUROTEL,411AU04,2026-11,400 L,250 ML,QOPPA,,,,,,
Q-NORFLOXAN,411NF06,2027-05,800 L,"20 ML
100 ML
1000 ML",QOPPA,,,,,,
SULFATROPHIN ORAL,411SO04,2026-11,500 L,"10 ML
1000 ML",QOPPA,,,,,,
Q-FOS 25,412FS01,2026-12,300 KG,"250 G
1 KG",PROQUIVET,,,,,,
GLH-20,412GL11,2025-12,1000 L,3800 ML,FARMATEC,,,,,,
GLH-20,412GL12,2025-12,1000 L,20 L,FARMATEC,,,,,,
GLH-20,412GL13,2025-12,1000 L,20 L,FARMATEC,,,,,,
Q-MUTIN,411MT25,2026-11,300 KG,25 KG,PROQUIVET,,,,,,
Q-FLORFEN,412FL04,2027-09,300 KG,1 KG,PROQUIVET,,,,,,
CIPERMETRINA,412CI16,2027-12,1000 L,"20 ML
100 ML",RATAR,,,,,,
CIPERMETRINA,412CI27,2027-12,1000 L,"100 ML
500 ML",RATAR,,,,,,
CREO-TAY,412CT11,2026-12,1000 L,20 L,FARMATEC,,,,,,
VANOVET,412VV13,2027-12,1000 L,1000 ML,FARMATEC,,,,,,
GLH-20,410GL10,2025-12,1000 L,20 L,FARMATEC,,,,,,
GLH-20,412GL11,2025-11,1000 L,20 L,FARMATEC,,,,,,
GLH-20,412GL12,2025-12,1000 L,20 L,FARMATEC,,,,,,
AUROCEF POLVO,412CF03,2026-12,"2,8 KG","1 G
4 G",LIXMAR,,,,,,
AUROCEF DILUENTE,412CF03,2026-12,56 L,"20 ML
80 ML",LIXMAR,,,,,,
AUROQUINOL 60,412AQ13,2026-12,9500 KG,25 G,ITALCOL,,,,,,
PORCIX,412PO04,2028-12,300 KG,20 G,PROQUIVET,,,,,,
AVICUR POLVO,412AC16,2027-12,300 KG,"12,5 KG",PROQUIVET,,,,,,
AVICUR POLVO,412AC16,2027-12,4700 KG,"12,5 KG",PROQUIVET,,,,,,
PRODUCTO,PRESENTACION,LOTE,F.V OP,VIGENCIA REG. ICA,F.D. BR,TAMAÑO DE LOTE,MAQUILADOR REAL,,,,
BOLDEBIG 50,BOLDEBIG 50 X 500 mL,CC,2028-02,6009-MV,2029-02,800 L,SFC,,,,
ANAPIRAN INYECTABLE,ANAPIRAN INYECTABLE X 250 ML,502AN01,2027-02,5906-DB,2028-02,500 L,SFC,,,,
DOXYCOL,DOXYCOL X  1KG,501DO01,2027-01,10756-MV,2028-01,300 KG,BLISTECO,,,,
PORCIX,PORCIX X 20 G,502PO01,2029-01,2539-DB,2030-01,300 KG,PROQUIVET,,,,
AUROFARVIT INYECTABLE,AUROFARVIT INYECTABLE  X 50 ML,502FI01,2027-02,4946-DB,2028-02,1000 L,DECNO,,,,
Q-TARTILO 100,Q-TARTILO 100 X 1 KG,501TT01,2026-07,7934-MV,2027-07,300 KG,FARMANDINA,,,,
Q-TARTILO 100,Q-TARTILO 100 X 1 KG,501TT02,2026-07,7934-MV,2027-07,300 KG,FARMANDINA,,,,
Q-TARTILO 100,Q-TARTILO 100 X 1 KG,501TT03,2026-07,7934-MV,2027-07,300 KG,FARMANDINA,,,,
CIPROFARM 20%,CIPROFARM 20%  X 1 KG,502CX01,2027-02,10661-MV,2028-02,300 KG,PROQUIVET,,,,
CIPROFARM 20%,CIPROFARM 20%  X 1 KG,502CX02,2027-02,10661-MV,2028-02,300 KG,PROQUIVET,,,,
CIPROFARM 20%,CIPROFARM 20%  X 1 KG,502CX03,2027-02,10661-MV,2028-02,300 KG,PROQUIVET,,,,
CIPROFARM 20%,CIPROFARM 20%  X 1 KG,502CX04,2027-02,10661-MV,2028-02,300 KG,PROQUIVET,,,,
Q-FLORFEN,Q-FLORFEN X 1 KG,502FL01,2027-11,8132-MV,2028-11,300 KG,PROQUIVET,,,,
Q-FLORFEN,Q-FLORFEN X 1 KG,502FL02,2027-11,8132-MV,2028-11,300 KG,PROQUIVET,,,,
Q-FLORFEN,Q-FLORFEN X 1 KG,502FL03,2027-11,8132-MV,2028-11,300 KG,PROQUIVET,,,,
Q-FLORFEN,Q-FLORFEN X 1 KG,502FL04,2027-11,8132-MV,2028-11,300 KG,PROQUIVET,,,,
Q-FLORFEN,Q-FLORFEN X 1 KG,502FL05,2027-11,8132-MV,2028-11,300 KG,PROQUIVET,,,,
Q-FLORFEN,Q-FLORFEN X 1 KG,502FL06,2027-11,8132-MV,2028-11,300 KG,PROQUIVET,,,,
Q-FLORFEN,Q-FLORFEN X 1 KG,502FL07,2027-11,8132-MV,2028-11,300 KG,PROQUIVET,,,,
CIPERMETRINA 15 EC AUROFARMA,CIPERMETRINA 15 EC AUROFARMA X 1000 ML,501CI01,2028-01,6671-MV,2029-01,2000 L,INSEC,,,,
CIPERMETRINA 15 EC AUROFARMA,CIPERMETRINA 15 EC AUROFARMA X 1000 ML,501CI02,2028-01,6671-MV,2029-01,2000 L,INSEC,,,,
CIPERMETRINA 15 EC AUROFARMA,CIPERMETRINA 15 EC AUROFARMA X 1000 ML,501CI03,2028-01,6671-MV,2029-01,2000 L,INSEC,,,,
CIPERMETRINA 15 EC AUROFARMA,CIPERMETRINA 15 EC AUROFARMA X 1000 ML,501CI04,2028-01,6671-MV,2029-01,2000 L,INSEC,,,,
CIPERMETRINA 15 EC AUROFARMA,CIPERMETRINA 15 EC AUROFARMA X 1000 ML,501CI05,2028-01,6671-MV,2029-01,2000 L,INSEC,,,,
AUROFARVIT ORAL,AUROFARVIT ORAL X 120 ML,502FO01,2027-02,4919-DB,2028-02,1020 L,QOPPA,,,,
AUROFARVIT ORAL,AUROFARVIT ORAL X 120 ML,502FO02,2027-02,4919-DB,2028-02,1020 L,QOPPA,,,,
AUROFARVIT ORAL,AUROFARVIT ORAL X 120 ML,502FO03,2027-02,4919-DB,2028-02,1020 L,QOPPA,,,,
AUROFARVIT INYECTABLE,AUROFARVIT INYECTABLE  X 50 ML,502FI02,2027-02,4946-DB,2028-02,1000 L,DECNO,,,,
Q-IVERMEC 3.5,Q-IVERMEC 3.5 X 50 ML,502QI01,2028-02,8008-MV,2029-02,1000 L,DECNO,,,,
VANOVET,VANOVET X 120 ML,502VV01,2028-02,2497-DB,2029-02,1000 L,FARMATEC,,,,
CREO- TAY,CREO-TAY X 500 ML,502CT01,2027-02,2262-DB,2028-02,1000 L,FARMATEC,,,,
GLH-20,GLH-20 X 3800 ML,502GL01,2026-02,10423-MV,2027-02,1000 L,FARMATEC,,,,
AVICUR POLVO,AVICUR POLVO X 20 G,502AC01,2028-02,4638-DB,2029-02,300 KG,BLISTECO,,,,
AVICUR POLVO,AVICUR POLVO X 20 G,502AC02,2028-02,4638-DB,2029-02,300 KG,BLISTECO,,,,
AVICUR POLVO,AVICUR POLVO X 20 G,502AC03,2028-02,4638-DB,2029-02,300 KG ,BLISTECO,,,,
AUROVITEL,AUROVITEL X 10 G,502AV01,2027-02,4551-DB,2028-02,300 KG,BLISTECO,,,,
SULFATROPHIN INYECTABLE,SULFATROPHIN INYECTABLE X 10 ML,503SI01,2028-03,5320-DB,2029-03,300 L,DECNO,,,,
Q-NORFLOXAN,Q-NORFLOXAN X 1000 ML,502NF01,2027-08,7933-MV,2028-08,1000 L,QOPPA,,,,
AUROTEL,AUROTEL X 10  ML,502AU01,2027-02,4474-DB,2028-02,400 L,QOPPA,,,,
AURO UNGÜENTO,AURO UNGUENTO X 100 G,502UG01,2029-02,3439-BD,2030-02,200 KG,QOPPA,,,,
FERRYDECK,FERRYDECK X 10 ML,503FD01,2027-03,11013-MV,2028-03,225 L,DECNO,,,,
Q-OXY 200,Q-OXY 200 L.A X 100 ML,503OX01,2027-03,8107-MV,2028-03,1000 L,DECNO,,,,
AUROLITOS,,505AO01,2027-02,,2028-02,300 KG,PROQUIVET,,,,
BRILLAPEL EMULSION,BRILLAPEL EMULSION X 130ML,502BE01,2027-02,16010-SL,2028-02,500 L,QOPPA,,,,
TILOSINA TARTRATO,,PILOTO 1,N.A,,,"16,6 KG",,,,,
TILOSINA TARTRATO,,PILOTO 2,N.A,,,"16,6 KG",,,,,
TILOSINA TARTRATO,,PILOTO 3,N.A,,,"16,6 KG",,,,,
MELOXIDOL,MELOXIDOL X 50 ML,504ME01,2027-04,7872-MV,2028-04,"10 ML
50 ML
100 ML",DECNO,,,,
AUROMECK INYECTABLE,AUROMECK INYECTABLE X 500 ML,503AM01,2028-03,5304-DB,2029-03,500 ML,DECNO,,,,
ANAPIRAN INYECTABLE,ANAPIRAN INYECTABLE X 250 ML,503AN06,2027-03,5906-DB,2028-03,600 L,DECNO,,,,
AUROFARVIT ORAL,AUROFARVIT ORAL X 120 ML,503FO04,2027-03,4919-DB,2028-03,1000 L,QOPPA,,,,
AUROFARVIT ORAL,AUROFARVIT ORAL X 120 ML,503FO06,2027-03,4919-DB,2028-03,1000 L,QOPPA,,,,
AUROFARVIT ORAL,AUROFARVIT ORAL X 120 ML,503FO05,2027-03,4919-DB,2028-03,1000 L,QOPPA,,,,
AUROFARVIT ORAL,AUROFARVIT ORAL X 120 ML,503FO07,2027-03,4919-DB,2028-03,1020 L,QOPPA,,,,
AUROFARVIT ORAL,AUROFARVIT ORAL X 120 ML,503FO08,2027-03,4919-DB,2028-03,1020 L,QOPPA,,,,
,,503QT01,2027-03,,2028-03,150 KG,QOPPA,,,,
SULFATROPHIN ORAL,SULFATROPHIN ORAL X 10 ML,503SO02,2027-03,5630-DB,2028-03,1000 L,QOPPA,,,,
SULFATROPHIN ORAL,SULFATROPHIN ORAL X 10 ML,503SO01,2027-03,5630-DB,2028-03,1000 L,QOPPA,,,,
AUROVITEL,AUROVITEL X 10 G,503AV02,2027-03,4551-DB,2028-03,300 KG,PROQUIVET,,,,
BRILLA PEL,BRILLA PEL X 150 G,503BR01,2027-03,5701-SL,2028-03,300 KG,PROQUIVET,,,,
BRILLA PEL,BRILLA PEL X 150 G,503BR02,2027-03,5701-SL,2028-03,300 KG,PROQUIVET,,,,
BRILLA PEL,BRILLA PEL X 150 G,503BR03,2027-033,5701-SL,2028-33,300 KG,PROQUIVET,,,,
AUROFARVIT INYECTABLE,AUROFARVIT INYECTABLE  X 50 ML,503FI03,2027-03,4946-DB,2028-03,500 L,DECNO,,,,
AVICUR POLVO,AVICUR POLVO X 20 G,503AC06,2028-03,4638-DB,2029-03,300 KG,PROQUIVET,,,,
AVICUR POLVO,AVICUR POLVO X 20 G,503AC07,2028-03,4638-DB,2029-03,300 KG,PROQUIVET,,,,
AVICUR POLVO,AVICUR POLVO X 20 G,503AC08,2028-03,4638-DB,2029-03,300 KG,PROQUIVET,,,,
AVICUR POLVO,AVICUR POLVO X 20 G,503AC09,2028-03,4638-DB,2029-03,300 KG,PROQUIVET,,,,
PORCIX,,503PO02,2029-03,2539-DB,2030-03,300 KG,PROQUIVET,,,,
AVICUR POLVO,AVICUR POLVO X 20 G,503AC05,2028-03,4638-DB,2029-03,300 KG,PROQUIVET,,,,
CIPERMETRINA 15 EC AUROFARMA,CIPERMETRINA 15 EC AUROFARMA X 1000 ML,503CI08,2028-03,6671-MV,2029-03,2000 L,INSEC,,,,
CIPERMETRINA 15 EC AUROFARMA,CIPERMETRINA 15 EC AUROFARMA X 1000 ML,503CI09,2028-03,6671-MV,2029-03,2000 L,INSEC,,,,
CIPERMETRINA 15 EC AUROFARMA,CIPERMETRINA 15 EC AUROFARMA X 1000 ML,503CI10,2028-03,6671-MV,2029-03,2000 L,INSEC,,,,
CIPERMETRINA 15 EC AUROFARMA,CIPERMETRINA 15 EC AUROFARMA X 1000 ML,503CI11,2028-03,6671-MV,2029-03,2000 L,INSEC,,,,
CIPERMETRINA 15 EC AUROFARMA,CIPERMETRINA 15 EC AUROFARMA X 1000 ML,503CI07,2028-03,6671-MV,2029-03,2000 L,INSEC,,,,
CIPERMETRINA 15 EC AUROFARMA,CIPERMETRINA 15 EC AUROFARMA X 1000 ML,503CI06,2028-03,6671-MV,2029-03,1000 L,RATAR,,,,
AURODIARREGAN NF,AURODIARREGAN NF 20 G CAJA X 50 SOBRES,503DN01,2027-02,3494- MV,2028-02,,,,,,
AUROTEL,AUROTEL X 10  ML,503AU02,2027-02,4474-DB,2028-02,400 L,QOPPA,,,,
ACTIV GEL SOBRE,ACTIV GEL SOBRE X 1 KG,503AG01,2027-02,22806-SL,2028-02,300 KG,,,,,
SULFACOCCIDIOL,SULFACOCCIDIOL X 1 KG,503SC03,2029-03,3106-DB,2030-03,300 KG,PROQUIVET,,,,
AUROPUPPY,"AUROPUPPY X 2,5 ML",503PE01,2028-03,2538-DB,2029-03,200 L,QOPPA,,,,
AUROPETS JABON,AUROPETS JABON X 100 G, 504AJ01,2028-04,10524-MV,2029-04,1000 KG,ARJONA,,,,
CREO- TAY,CREO-TAY X 500 ML,504CT02,2027-04,2262-DB,2028-04,1000 L,FARMATEC,,,,
VANOVET,VANOVET X 120 ML,504VV02,2028-04,2497-DB,2029-04,1000 L,FARMATEC,,,,
VANOVET,VANOVET X 120 ML,504VV03,2028-04,2497-DB,2029-04,1000 L,FARMATEC,,,,
SULFACOCCIDIOL,SULFACOCCIDIOL X 1 KG,504SC02,2029-03,3106-DB,2030-03,300 KG,PROQUIVET,,,,
VANOVET,VANOVET X 120 ML,504VV04,2028-04,2497-DB,2029-04,1000 L,FARMATEC,,,,
DOXYCOL,DOXYCOL X  1KG,504DO02,2027-04,10756-MV,2028-04,300 KG,,,,,
DOXYCOL,DOXYCOL X  1KG,504DO03,2027-04,10756-MV,2028-04,300 KG,,,,,
ERIPANTO INYECTABLE,ERIPANTO INYECTABLE X 100 ML,504EI01,2028-04,4797-DB,2029-04,300 L,DECNO,,,,
BOLDEBIG 50,BOLDEBIG 50 X 500 mL,504BO03,2028-04,6009-MV,2029-04,400 L,DECNO,,,,
PULPHOX,PULPHOX X 100 G,504PH01,2028-04,6199-MV,2029-04,100 KG,RATAR,,,,
CIPROFARM 20%,CIPROFARM 20%  X 1 KG,504CX05,2027-04,10661-MV,2028-04,300 KG,PROQUIVET,,,,
CIPROFARM 20%,CIPROFARM 20%  X 1 KG,504CX06,2027-04,10661-MV,2028-04,300 KG,PROQUIVET,,,,
CIPROFARM 20%,CIPROFARM 20%  X 1 KG,504CX07,2027-04,10661-MV,2028-04,300 KG,PROQUIVET,,,,
CIPROFARM 20%,CIPROFARM 20%  X 1 KG,504CX08,2027-04,10661-MV,2028-04,300 KG,BLISTECO,,,,
CIPROFARM 20%,CIPROFARM 20%  X 1 KG,504CX09,2027-09,10661-MV,2028-09,300 KG,BLISTECO,,,,
Q-FLORFEN,Q-FLORFEN X 1 KG,504FL08,2028-01,8132-MV,2029-01,300 KG,PROQUIVET,,,,
Q-NORFLOXAN,Q-NORFLOXAN X 1000 ML,504NF03,2027-10,7933-MV,2028-10,1000 L,QOPPA,,,,
Q-NORFLOXAN,Q-NORFLOXAN X 1000 ML,504NF02,2027-10,7933-MV,2028-10,1000 L,QOPPA,,,,
CIPROFARM 20%,CIPROFARM 20%  X 1 KG,504CX10,2027-04,10661-MV,2028-04,300 KG,BLISTECO,,,,
VANOVET,VANOVET X 120 ML,505VV05,2028-05,2497-DB,2029-05,1001 L,FARMATEC,,,,
Q-TARTILO 100,Q-TARTILO 100 X 1 KG,504TT04,2026-10,7934-MV,2027-10,300 KG,PROQUIVET,,,,
Q-TARTILO 100,Q-TARTILO 100 X 1 KG,504TT05,2026-10,7934-MV,2027-10,300 KG,PROQUIVET,,,,
Q-TARTILO 100,Q-TARTILO 100 X 1 KG,504TT06,2026-10,7934-MV,2027-10,300 KG,PROQUIVET,,,,
SULFATROPHIN ORAL,SULFATROPHIN ORAL X 10 ML,504SO03,2027-04,5630-DB,2028-04,700 L,QOPPA,,,,
CIPERMETRINA 15 EC AUROFARMA,CIPERMETRINA 15 EC AUROFARMA X 1000 ML,504CI12,2028-04,6671-MV,2029-04,400 L,,,,,
BRILLA PEL,BRILLA PEL X 1 KG,504BR10,2027-04,5701-SL,2028-04,200 L,FARMANDINA,,,,
BRIO PERFORMANCE,BRIO PERFORMANCE X 2 KG,504BP01,2027-04,0,2028-04,200 KG,FARMANDINA,,,,
BRIO PERFORMANCE,BRIO PERFORMANCE X 2 KG,504BP02,2027-04,0,2028-04,200 KG,FARMANDINA,,,,
BRIO JOINTS,BRIO JOINTS X 600 G,504BJ01,2027-04,0,2028-04,200 KG,FARMANDINA,,,,
BRIO JOINTS,BRIO JOINTS X 600 G,504BJ02,2027-04,0,2028-04,200 KG,FARMANDINA,,,,
FLORMIX,FLORMIX X 1000 ML,504FX01,2027-04,10453-MV,2028-04,1000 L,QOPPA,,,,
FLORMIX,FLORMIX X 1000 ML,504FX02,2027-04,10453-MV,2028-04,800 L,QOPPA,,,,
FERRYDECK,FERRYDECK X 10 ML,504FD02,2027-04,11013-MV,2028-04,300 L,DECNO,,,,
Q-OXY 200,Q-OXY 200 L.A X 100 ML,504OX02,2027-04,8107-MV,2028-04,1000 L,DECNO,,,,
GLH-20,GLH-20 X 3800 ML,505GL02,2026-05,10423-MV,2027-05,1000 L,FARMATEC,,,,
CREO- TAY,CREO-TAY X 500 ML,505CT03,2027-05,2262-DB,2028-05,1000 L,FARMATEC,,,,
AUROFARVIT INYECTABLE,AUROFARVIT INYECTABLE  X 50 ML,505FI04,2027-05,4946-DB,2028-05,500 L,DECNO,,,,
AUROFARVIT INYECTABLE,AUROFARVIT INYECTABLE  X 50 ML,505FI05,2027-05,4946-DB,2028-05,1000 L,DECNO,,,,
MELOXIDOL,MELOXIDOL X 50 ML,505ME02,2027-05,7872-MV,2028-05,200 L,DECNO,,,,
ACTIV GEL SOBRE,ACTIV GEL SOBRE X 1 KG,505AG01,2027-05,22806-SL,2028-05,300 KG,,,,,
QTYCON,QTYCON X 30  G,505QT02,2027-02,5554-MV,2028-02,150 KG,QOPPA,,,,
AUROCEF POLVO,AUROCEF POLVO X 1 G,505CF01,2027-05,7849-MV,2028-05,1 KG,LIXMAR,,,,
AUROCEF DILUENTE,AUROCEF DILUENTE X 20 ML,505CF01,2027-05,7849-MV,2028-05,20 L,LIXMAR,,,,
AUROCEF POLVO,AUROCEF POLVO X 1 G,505CF02,2027-05,7849-MV,2028-05,1 KG,LIXMAR,,,,
AUROCEF DILUENTE,AUROCEF DILUENTE X 20 ML,505CF02,2027-05,7849-MV,2028-05,20 L,LIXMAR,,,,
ERIPANTO INYECTABLE,ERIPANTO INYECTABLE X 100 ML,505PW01,2027-05,4797-DB,2028-05,1500 KG,DISTRIBUCIONES RIVERA,,,,
CABATEL NF,CABATEL NF X 100 ML,506CN01,2027-06,10488-MV,2028-06,300 L,QOPPA,,,,
CABATEL NF,CABATEL NF X 100 ML,506CN02,2027-02,10488-MV,2028-02,300 L,QOPPA,,,,
RAFOXANIDE,RAFOXANIDE X 1000 ML,506RA01,2028-06,3678-DB,2029-06,300 L,QOPPA,,,,
AUROFARVIT ORAL,AUROFARVIT ORAL X 120 ML,506FO09,2027-06,4919-DB,2028-06,1000 ML,QOPPA,,,,
AUROFARVIT ORAL,AUROFARVIT ORAL X 120 ML,506FO10,2027-06,4919-DB,2028-06,1000 ML,QOPPA,,,,
SULFATROPHIN INYECTABLE,SULFATROPHIN INYECTABLE X 10 ML,506SI02,2028-06,5320-DB,2029-06,150 L,DECNO,,,,
SULFATROPHIN INYECTABLE,SULFATROPHIN INYECTABLE X 10 ML,506SI03,2028-06,5320-DB,2029-06,150 L,DECNO,,,,
Q-OXY 200,Q-OXY 200 L.A X 100 ML,506OX03,2027-06,8107-MV,2028-06,500 L,DECNO,,,,
AUROFARVIT ORAL,AUROFARVIT ORAL X 120 ML,506FO11,2027-06,4919-DB,2028-06,1000 L,QOPPA,,,,
AVICUR POLVO,AVICUR POLVO X 20 G,507AC10,2028-06,4638-DB,2029-06,300 KG,PROQUIVET,,,,
AUROFARVIT ORAL,AUROFARVIT ORAL X 120 ML,506FO12,2027-06,4919-DB,2028-06,1000 L,QOPPA,,,,
CIPROFARM 20%,CIPROFARM 20%  X 1 KG,506CX12,2027-06,10661-MV,2028-06,300 KG,PROQUIVET,,,,
CIPROFARM 20%,CIPROFARM 20%  X 1 KG,506CX13,2027-06,10661-MV,2028-06,300 KG,PROQUIVET,,,,
CIPROFARM 20%,CIPROFARM 20%  X 1 KG,506CX14,2027-06,10661-MV,2028-06,300 KG,PROQUIVET,,,,
CIPROFARM 20%,CIPROFARM 20%  X 1 KG,506CX15,2027-06,10661-MV,2028-06,300 KG,PROQUIVET,,,,
CIPROFARM 20%,CIPROFARM 20%  X 1 KG,506CX16,2027-06,10661-MV,2028-06,300 KG,PROQUIVET,,,,
CIPROFARM 20%,CIPROFARM 20%  X 1 KG,506CX17,2027-06,10661-MV,2028-06,300 KG,PROQUIVET,,,,
BOLDEBIG 50,BOLDEBIG 50 X 500 mL,507BO04,2028-06,6009-MV,2029-06,1000 L,DECNO,,,,
BOLDEBIG 50,BOLDEBIG 50 X 500 mL,507BO04,2028-07,6009-MV,2029-07,,DECNO,,,,
BOLDEBIG 50,BOLDEBIG 50 X 500 mL,507BO04,2028-07,6009-MV,2029-07,,DECNO,,,,
BOLDEBIG 50,BOLDEBIG 50 X 500 mL,507BO04,2028-07,6009-MV,2029-07,,DECNO,,,,
BOLDEBIG 50,BOLDEBIG 50 X 500 mL,507BO05,2028-06,6009-MV,2029-06,1000 L,DECNO,,,,
BOLDEBIG 50,BOLDEBIG 50 X 500 mL,507BO05,2028-07,6009-MV,2029-07,,DECNO,,,,
DOXYCOL,DOXYCOL X  1KG,507DO02,2027-06,10756-MV,2028-06,300 KG,PROQUIVET,,,,
DOXYCOL,DOXYCOL X  1KG,507DO03,2027-06,10756-MV,2028-06,300 KG,PROQUIVET,,,,
SULFACOCCIDIOL,SULFACOCCIDIOL X 1 KG,507SC04,2029-06,3106-DB,2030-06,300 KG,PROQUIVET,,,,
SULFACOCCIDIOL,SULFACOCCIDIOL X 1 KG,507SC05,2029-06,3106-DB,2030-06,300 KG,PROQUIVET,,,,
,,,,,,,,,,,
Q-IVERMEC 3.5,,506QI02,2028-06,8008-MV,2029-06,500 L,DECNO,,,,
AUROCHAMPU-P,AUROCHAMPU-P X 120 ML,510AP01,2028-11,6343-MV,2029-11,240 L,RATAR,,,,
AUROZOLE 25 CO,AUROZOLE 25 Co ENVASE X 500 mL ,507AZ01,2027-07,6631-MV,2028-07,,QOPPA,,,,
AUROZOLE 25 CO,AUROZOLE 25 Co ENVASE X 2 L ,507AZ01,,6631-MV,,,QOPPA,,,,
AUROZOLE 25 CO,AUROZOLE 25 Co ENVASE X 120 mL ,507AZ01,,6631-MV,,,QOPPA,,,,
AUROZOLE 25 CO,AUROZOLE 25 Co ENVASE X 1000 mL ,507AZ01,,6631-MV,,,QOPPA,,,,
CIPERMETRINA 15 EC AUROFARMA,CIPERMETRINA 15 EC X 20 ML,507CI12,2028-07,6671-MV,2029-07,,,,,,
CREO- TAY,CREO-TAY X 500 mL,507CT04,2027-07,2262-DB,2028-07,,FARMATEC,,,,
CREO- TAY,CREO-TAY X 250 mL,507CT04,2027-07,2262-DB,2028-07,,FARMATEC,,,,
CREO- TAY,CREO-TAY X 120 mL, ,2027-07,2262-DB,2028-07,,FARMATEC,,,,
Q-FOS 25,Q-FOS X 25 X 1 GK,507FS01,2027-07,8135-MV,2028-07,300 KG,PROQUIVET,,,,
Q-FOS 25,Q-FOS X 25 X 1 GK,507FS02,2027-07,8135-MV,2028-07,300 KG,PROQUIVET,,,,
Q-FOS 25,Q-FOS X 25 X 1 GK,507FS03,2027-07,8135-MV,2028-07,300 KG,PROQUIVET,,,,
Q-FOS 25,Q-FOS X 25 X 1 GK,507FS04,2027-07,8135-MV,2028-07,300 KG,PROQUIVET,,,,
GLH-20,GLH 20 X 3800 ML,507GL03,2026-07,10423-MV,2027-07,,FARMATEC,,,,
GLH-20,GLH 20 X 1000 ML ,507GL03,2026-07,10423-MV,2027-07,,FARMATEC,,,,
Q-TARTILO 100,Q-TARTILO 100 SOB X 1 Kg,507TT07,2027-01,7934-MV,2028-01,,FARMANDINA,,,,
Q-TARTILO 100,Q-TARTILO 100 SOB X 1 Kg,507TT08,2027-01,7934-MV,2028-01,,FARMANDINA,,,,
Q-TARTILO 100,Q-TARTILO 100 SOB X 1 Kg,507TT09,2027-01,7934-MV,2028-01,,FARMANDINA,,,,
VANOVET,VANOVET X 120 ML,507VV06,2028-07,2497-DB,2029-07,,FARMATEC,,,,
VANOVET,VANOVET X 1000 ML,507VV06,2028-07,2497-DB,2029-07,,FARMATEC,,,,
CIPERMETRINA 15 EC AUROFARMA,CIPERMETRINA 15 EC FCO X 1000 mL ,508CI13,2028-08,6671-MV,2029-08,,RATAR,,,,
CIPERMETRINA 15 EC AUROFARMA,CIPERMETRINA 15 EC FCO X 1000 mL ,508CI14,2028-08,6671-MV,2029-08,,RATAR,,,,
AUROFARVIT ORAL,AUROFARVIT ORAL X 120 ML,511FO16,2027-12,4919-DB,2028-12,1000 l,QOPPA,,,,
AUROFARVIT ORAL,AUROFARVIT ORAL X 120 ML,511FO17,2027-12,4919-DB,2028-12,1000 l,QOPPA,,,,
AUROMECK INYECTABLE,AUROMECK X 500 ML,509AM02,2028-09,5304-DB,2029-09,,DECNO,,,,
AUROMECK INYECTABLE,AUROMECK X 50 ML,509AM02,2028-09,5304-DB,2029-09,,DECNO,,,,
AUROMECK INYECTABLE,AUROMECK X 200 ML,509AM02,2028-09,5304-DB,2029-09,,DECNO,,,,
AUROTILMICOSIN,AUROTILMICOSIN X 240 ML,509AT01,2029-09,10424-MV,2030-09,,QOPPA,,,,
AUROTILMICOSIN GOTERO,AUROTILMICOSIN X 10 ML,509AT01,2029-09,10424-MV,2030-09,,QOPPA,,,,
AUROTILMICOSIN,AUROTILMICOSIN X 1 L,509AT01,2029-09,10424-MV,2030-09,,QOPPA,,,,
CIPERMETRINA 15 EC AUROFARMA,CIPERMETRINA 15 EC FCO X 20 mL ,509CI13,2028-09,6671-MV,2029-09,,RATAR,,,,
CIPERMETRINA 15 EC AUROFARMA,CIPERMETRINA 15 EC FCO X 20 mL ,509CI14,2028-09,6671-MV,2029-09,,RATAR,,,,
CREO- TAY,CREO-TAY X 3800 ML,509CT05,2027-09,2262-DB,2028-09,,FARMATEC,,,,
CREO- TAY,CREO-TAY X 20 L,509CT05,2027-09,2262-DB,2028-09,,FARMATEC,,,,
AURODIARREGAN NF,AURODIARREGAN NF 50 SOBRES X 20 G,509DN01,2027-09,3494-MV,2028-09,300 KG,PROQUIVET,,,,
AURODIARREGAN NF,AURODIARREGAN NF 10 SOBRES X 20 G,509DN01,2027-09,3494- MV,2028-09,300 KG,PROQUIVET,,,,
AUROFARVIT INYECTABLE,AUROFARVIT INYECTABLE X 50 ML,509FI06,2027-09,4946-DB,2028-09,,DECNO,,,,
AUROFARVIT INYECTABLE,AUROFARVIT INYECTABLE X 250 ML,509FI06,2027-09,4946-DB,2028-09,,DECNO,,,,
AUROFARVIT INYECTABLE,AUROFARVIT INYECTABLE X 100 ML,509FI06,2027-09,4946-DB,2028-09,,DECNO,,,,
AUROFARVIT INYECTABLE,AUROFARVIT INYECTABLE X 10 ML,509FI06,2027-09,4946-DB,2028-09,,DECNO,,,,
GLH-20,GLH-20 X 3800 ML,509GL04,2026-09,10423-MV,2027-09,,FARMATEC,,,,
GLH-20,GLH-20 X 1000 ML,509GL04,2026-09,10423-MV,2027-09,,FARMATEC,,,,
GLH-20,GLH-20 X 3800 ML,509GL05,2026-12,10423-MV,2027-12,1000 L,FARMATEC,,,,
GLH-20,GLH-20 X 1000 ML,509GL05,2026-12,10423-MV,2027-12,1000 L,FARMATEC,,,,
PORCIX,PORCIX X 20 G,509PO03,2029-09,2539-DB,2030-09,,PROQUIVET,,,,
PORCIX,PORCIX X 20 G,509PO04,2029-09,2539-DB,2030-09,,PROQUIVET,,,,
Q-IVERMEC 3.5,Q-IVERMEC 3.5 X 50 ML,509QI03,2028-09,8008-MV,2029-09,,DECNO,,,,
Q-IVERMEC 3.5,Q-IVERMEC 3.5 X 500 ML,509QI03,2028-09,8008-MV,2029-09,,DECNO,,,,
Q-IVERMEC 3.5,Q-IVERMEC 3.5 X 250 ML,509QI03,2028-09,8008-MV,2029-09,,DECNO,,,,
CIPERMETRINA 15 EC AUROFARMA,CIPERMETRINA 15 EC AUROFARMA X 500 ML,509CI15,2028-09,6671-MV,2029-09,2000 L,INSEC,,,,
CIPERMETRINA 15 EC AUROFARMA,CIPERMETRINA 15 EC AUROFARMA X 1000 ML,509CI15,2028-09,6671-MV,2029-09,2000 L,INSEC,,,,
Q-NORFLOXAN,Q-NORFLOXAN X 1000 ML,509NF05,2028-03,7933-MV,2029-03,1000 L,QOPPA,,,,
Q-NORFLOXAN,Q-NORFLOXAN X 20 ML,509NF04,2028-03,7933-MV,2029-03,1000 L,QOPPA,,,,
Q-NORFLOXAN,Q-NORFLOXAN X 1000 ML,509NF04,2028-03,7933-MV,2029-03,1000 L,QOPPA,,,,
CIPERMETRINA 15 EC AUROFARMA,CIPERMETRINA 15 EC AUROFARMA X 1000 ML,509CI16,2028-09,6671-MV,2029-09,2000 L,INSEC,,,,
Q-TARTILO 100,Q-TARTILO 100 X 1 KG,509TT10,2027-03,7934-MV,2028-03,300 KG,PROQUIVET,,,,
Q-TARTILO 100,Q-TARTILO 100 X 1 KG,509TT11,2027-03,7934-MV,2028-03,300 KG,PROQUIVET,,,,
Q-TARTILO 100,Q-TARTILO 100 X 1 KG,509TT12,2027-03,7934-MV,2028-03,300 KG,PROQUIVET,,,,
Q-FLORFEN,Q-FLORFEN X 1 KG,509FL08,2028-06,8132-MV,2029-06,300 KG,PROQUIVET,,,,
Q-FLORFEN,Q-FLORFEN X 1 KG,509FL09,2028-06,8132-MV,2029-06,300 KG,PROQUIVET,,,,
Q-FLORFEN,Q-FLORFEN X 1 KG,509FL10,2028-06,8132-MV,2029-06,300 KG,PROQUIVET,,,,
AVICUR POLVO,AVICUR POLVO X 20 G,509AC11,2028-09,4638-DB,2029-09,300 KG,PROQUIVET,,,,
AVICUR POLVO,AVICUR POLVO X 1 KG,509AC11,2028-09,4638-DB,2029-09,300 KG,PROQUIVET,,,,
DOXYCOL,DOXYCOL X  1KG,510DO04,2027-10,10756-MV,2028-10,300 KG,PROQUIVET,,,,
DOXYCOL,DOXYCOL X  1KG,510DO05,2027-10,10756-MV,2028-10,300 KG,PROQUIVET,,,,
DOXYCOL,DOXYCOL X  1KG,510DO06,2027-10,10756-MV,2028-10,300 KG,,,,,
DOXYCOL,DOXYCOL X  1KG,510DO06,2027-10,10756-MV,2028-10,300 KG,PROQUIVET,,,,
COCCIDIOL,COCCIDIOL X 25 G,510CO01,2029-10,2645-DB,2030-10,300 KG,PROQUIVET,,,,
CIPERMETRINA 15 EC AUROFARMA,CIPERMETRINA 15 EC AUROFARMA X 1000 ML,509CI17,2028-09,6671-MV,2029-09,2000 L,INSEC,,,,
PULPHOX,PULPHOX X 100 G,510PH02,2028-10,6199-MV,2029-10,100 KG,RATAR,,,,
AUROPETS JABON,AUROPETS JABON X 100 G,509AJ02,2028-09,10524-MV,2029-09,1000 KG,ARJONA,,,,
PORCIX,PORCIX X 20 G,510PO05,2029-10,2539-DB,2030-10,100 L,PROQUIVET,,,,
SULFATROPHIN INYECTABLE,SULFATROPHIN INYECTABLE X 10 ML,510SI04,2028-10,5320-DB,2029-10,150 L,DECNO,,,,
SULFATROPHIN INYECTABLE,SULFATROPHIN INYECTABLE X 50 ML,510SI04,2028-10,5320-DB,2029-10,150 L,DECNO,,,,
SULFATROPHIN INYECTABLE,SULFATROPHIN INYECTABLE X 100 ML,510SI04,2028-10,5320-DB,2029-10,150 L,DECNO,,,,
CIPERMETRINA 15 EC AUROFARMA,CIPERMETRINA 15 EC AUROFARMA X 1000 ML,510CI18,2028-10,                                                                                                            ,2029-10,2000 L,INSEC,,,,
CIPERMETRINA 15 EC AUROFARMA,CIPERMETRINA 15 EC AUROFARMA X 1000 ML,510CI19,2028-10,6671-MV,2029-10,2000 L,INSEC,,,,
CIPERMETRINA 15 EC AUROFARMA,CIPERMETRINA 15 EC AUROFARMA X 1000 ML,510CI20,2028-10,6671-MV,2029-10,2000 L,INSEC,,,,
CIPERMETRINA 15 EC AUROFARMA,CIPERMETRINA 15 EC AUROFARMA X 1000 ML,510CI21,2028-10,6671-MV,2029-10,2000 L,INSEC,,,,
AUROFARVIT ORAL,AUROFARVIT ORAL X 120 ML,510FO15,2027-10,4919-DB,2028-10,1000 L,QOPPA,,,,
AUROFARVIT ORAL,AUROFARVIT ORAL X 4000 ML,510FO15,2027-10,4919-DB,2028-10,1000 L,QOPPA,,,,
MELOXIDOL,MELOXIDOL X 10 ML,510ME03,2027-10,7872-MV,2028-10,200 L,DECNO,,,,
MELOXIDOL,MELOXIDOL X 50 ML,510ME03,2027-10,7872-MV,2028-10,200 L,DECNO,,,,
MELOXIDOL,MELOXIDOL X 100 ML,510ME03,2027-10,7872-MV,2028-10,200 L,DECNO,,,,
FERRYDECK,FERRYDECK X 10 ML,510FD03,2027-10,11013-MV,2028-10,300L,DECNO,,,,
FERRYDECK,FERRYDECK X 50 ML,510FD03,2027-10,11013-MV,2028-10,300L,DECNO,,,,
FERRYDECK,FERRYDECK X 100 ML,510FD03,2027-10,11013-MV,2028-10,300L,DECNO,,,,
AUROPUPPY,"AUROPUPPY X 2,5 ML",509PE02,2028-11,2538-DB,2029-11,200 L,QOPPA,,,,
AUROPUPPY,AUROPUPPY X 5 ML,509PE02,2028-11,2538-DB,2029-11,200 L,QOPPA,,,,
SULFACOCCIDIOL,SULFACOCCIDIOL X 1 KG,510SC06,2029-10,3106-DB,2030-10,300 KG,PROQUIVET,,,,
AUROFARVIT ORAL,AUROFARVIT ORAL X 120 ML,510FO13,2027-10,4919-DB,2028-10,1000 L,QOPPA,,,,
AUROFARVIT ORAL,AUROFARVIT ORAL X 4000 ML,510FO14,2027-10,4919-DB,2028-10,1000 L,QOPPA,,,,
Q-NORFLOXAN,Q-NORFLOXAN X 20 ML,510NF06,2028-05,7933-MV,2029-05,1000 L,QOPPA,,,,
Q-NORFLOXAN,Q-NORFLOXAN X 1000 ML,510NF06,2028-05,7933-MV,2029-05,1000 L,QOPPA,,,,
DOXYCOL,DOXYCOL X  1KG,510DO07,2027-11,10756-MV,2028-11,300 KG,PROQUIVET,,,,
AUROTEL,AUROTEL X 10  ML,509AU03,2027-11,4474-DB,2028-11,400 L,QOPPA,,,,
AUROTEL,"AUROTEL X 2,5 ML",509AU03,2027-11,4474-DB,2028-11,400 L,QOPPA,,,,
AUROTEL,AUROTEL X 5 ML,509AU03,2027-11,4474-DB,2028-11,400 L,QOPPA,,,,
ERIPANTO INYECTABLE,ERIPANTO INYECTABLE X 50 ML,510EI02,2028-11,4797-DB,2029-11,300 LT,DECNO,,,,
ERIPANTO INYECTABLE,ERIPANTO INYECTABLE X 100 ML,510EI02,2028-11,4797-DB,2029-11,300 LT,DECNO,,,,
ERIPANTO INYECTABLE,ERIPANTO INYECTABLE X 250 ML,510EI02,2028-11,4797-DB,2029-11,300 LT,DECNO,,,,
AUROVITEL,AUROVITEL X 10 G,510AV03,2028-10,4551-DB,2029-10,300 KG,PROQUIVET,,,,
AUROVITEL,AUROVITEL X 20 G,510AV04,2027-10,4551-DB,2028-10,300 KG,PROQUIVET,,,,
CIPROFARM 20%,CIPROFARM 20%  X 1 KG,510CX22,2027-11,10661-MV,2028-11,300 kg,PROQUIVET,,,,
Q-FOS 25,Q-FOS 25 X 250 G,511FS05,2027-11,8135-MV,2028-11,300 kg,FARMANDINA,,,,
Q-FOS 25,Q-FOS 25 X 1 KG,511FS06,2027-11,8135-MV,2028-11,300 kg,FARMANDINA,,,,
AVICUR POLVO,AVICUR POLVO X 20 G,510AC12,2028-10,4638-DB,2029-10,300 KG,PROQUIVET,,,,
Q-TARTILO 100,Q-TARTILO 100 X 1 KG,511TT14,2027-05,7934-MV,2028-05,500 KG,FARMANDINA,,,,
Q-TARTILO 100,Q-TARTILO 100 X 1 KG,511TT15,2027-05,7934-MV,2028-05,335 KG,FARMANDINA,,,,
CIPERMETRINA 15 EC AUROFARMA,CIPERMETRINA 15 EC AUROFARMA X 1000 ML,510CI22,2028-11,6671-MV,2029-11,2000 L,INSEC,,,,
BOLDEBIG 50,BOLDEBIG 50 X 500 mL,508BO06,2029-01,6009-MV,2030-01,800L,DECNO,,,,
BOLDEBIG 50,BOLDEBIG 50 X 500 mL,510BO07,2029-01,6009-MV,2030-01,500 L,DECNO,,,,
CIPERMETRINA 15 EC AUROFARMA,CIPERMETRINA 15 EC AUROFARMA X 500 ML,512CI24,2028-12,6671-MV,2029-12,2000 L,INSEC,,,,
CIPERMETRINA 15 EC AUROFARMA,CIPERMETRINA 15 EC AUROFARMA X 1000 ML,512CI24,2028-12,6671-MV,2029-12,2000 L,INSEC,,,,
CIPERMETRINA 15 EC AUROFARMA,CIPERMETRINA 15 EC AUROFARMA X 1000 ML,510CI23,2028-12,6671-MV,2029-12,2000 L,INSEC,,,,
CIPERMETRINA 15 EC AUROFARMA,CIPERMETRINA 15 EC AUROFARMA X 20 ML - Caja x 12 Frascos,510CI23,2028-12,6671-MV,2029-12,2000 L,INSEC,,,,
CIPERMETRINA 15 EC AUROFARMA,CIPERMETRINA 15 EC AUROFARMA X 500 ML,510CI23,2028-12,6671-MV,2029-12,2000 L,INSEC,,,,
CIPERMETRINA 15 EC AUROFARMA,CIPERMETRINA 15 EC AUROFARMA X 1000 ML,512CI25,2028-12,6671-MV,2029-12,2000 L,INSEC,,,,
CIPERMETRINA 15 EC AUROFARMA,CIPERMETRINA 15 EC AUROFARMA X 500 ML,512CI25,2028-12,6671-MV,2029-12,2000 L,INSEC,,,,
AUROZOLE 25 CO,AUROZOLE 25 CO X 120 ML,511AZ02,2027-11,6631-MV,2028-11,500 L,QOPPA,,,,
AUROZOLE 25 CO,AUROZOLE 25 CO X 500 ML,511AZ02,2027-11,6631-MV,2028-11,500 L,QOPPA,,,,
CIPERMETRINA 15 EC AUROFARMA,CIPERMETRINA 15 EC AUROFARMA X 1000 ML,512CI26,2028-12,6671-MV,2029-12,2000 L,INSEC,,,,
CIPERMETRINA 15 EC AUROFARMA,CIPERMETRINA 15 EC AUROFARMA X 20 ML - Caja x 12 Frascos,512CI26,2028-12,6671-MV,2029-12,2000 L,INSEC,,,,
DOXYCOL,DOXYCOL X  1KG,510DO08,2027-11,10756-MV,2028-11,300 KG,PROQUIVET,,,,
DOXYCOL,DOXYCOL X  1KG,510DO09,2027-11,10756-MV,2028-11,100 KG,PROQUIVET,,,,
MELOXIDOL,MELOXIDOL X 100 ML,511ME04,2027-12,7872-MV,2028-12,200 L,DECNO,,,,
MELOXIDOL,MELOXIDOL X 100 ML AFRICA,511ME04,2027-12,7872-MV,2028-12,200 L,DECNO,,,,
MELOXIDOL,MELOXIDOL X 50 ML,511ME04,2027-12,7872-MV,2028-12,200 L,DECNO,,,,
MELOXIDOL,MELOXIDOL X 100 ML,511ME05,2027-12,7872-MV,2028-12,200 L,DECNO,,,,
MELOXIDOL,MELOXIDOL X 100 ML AFRICA,511ME05,2027-12,7872-MV,2028-12,200 L,DECNO,,,,
MELOXIDOL,MELOXIDOL X 50 ML,511ME05,2027-12,7872-MV,2028-12,200 L,DECNO,,,,
PENIDEXINA,PENIDEXINA 4 MILLONES,508PS01,2026-08,6292-MV,2027-08,,LIXMAR,,,,
PENIDEXINA,PENIDEXINA 8 MILLONES,508PS01,2026-08,6292-MV,2027-08,,LIXMAR,,,,
Q-TARTILO 100,Q-TARTILO 100 X 50 G,511TT13,2027-05,7934-MV,2028-05,300 KG,FARMANDINA,,,,
SULFATROPHIN INYECTABLE,SULFATROPHIN INYECTABLE X 10 ML,510SI05,2028-12,5320-DB,2029-12,150 L,DECNO,,,,
SULFATROPHIN INYECTABLE,SULFATROPHIN INYECTABLE X 100 ML,510SI05,2028-12,5320-DB,2029-12,150 L,DECNO,,,,
SULFATROPHIN INYECTABLE,SULFATROPHIN INYECTABLE X 50 ML,510SI05,2028-12,5320-DB,2029-12,150 L,DECNO,,,,
AUROFARVIT ORAL,AUROFARVIT ORAL X 4000 ML,511FO18,2027-12,4919-DB,2028-12,1000 L,QOPPA,,,,
SULFATROPHIN INYECTABLE,SULFATROPHIN INYECTABLE X 10 ML,511SI06,2028-12,5320-DB,2029-12,150 L,DECNO,,,,
SULFATROPHIN INYECTABLE,SULFATROPHIN INYECTABLE X 100 ML,511SI06,2028-12,5320-DB,2029-12,150 L,DECNO,,,,
SULFATROPHIN INYECTABLE,SULFATROPHIN INYECTABLE X 50 ML,511SI06,2028-12,5320-DB,2029-12,150 L,DECNO,,,,
SULFATROPHIN ORAL,SULFATROPHIN ORAL X 1000 ML,510SO04,2027-11,5630-DB,2028-11,1000 l,QOPPA,,,,
SULFATROPHIN ORAL,SULFATROPHIN ORAL X 50 ML,510SO04,2027-11,5630-DB,2028-11,1000 l,QOPPA,,,,
ANAPIRAN INYECTABLE,ANAPIRAN INYECTABLE X 250 ML,507AN07,2027-07,5906-DB,2028-07,600 L,DECNO,,,,
PRODUCTO,PRESENTACION,UNIDADES TEORICAS A FABRICAR,LOTE,TAMAÑO DE LOTE,F.F.,F.V.,F.V. REG ICA OPORTUNA,F.D. BR,VIGENCIA REG. ICA,LICENCIA ICA,MAQUILADOR REAL
AUROMECK INYECTABLE,AUROMECK INYECTABLE X 50 ML,1000,601AM01,500 L,2026-01,2029-01,2029-01,2030-01,36,5304-DB,DECNO
AUROMECK INYECTABLE,AUROMECK INYECTABLE X 200 ML,500,601AM01,500 L,2026-01,2029-01,2029-01,2030-01,36,5304-DB,DECNO
AUROMECK INYECTABLE,AUROMECK INYECTABLE X 500 ML,700,601AM01,500 L,2026-01,2029-01,2029-01,2030-01,36,5304-DB,DECNO
CREO- TAY,CREO-TAY X 120 ML,5000,511CT06,1000 L,2026-03,2028-03,2028-03,2029-03,24,2262-DB,FARMATEC
CREO- TAY,CREO- TAY X 1000 ML,400,511CT06,1000 L,2026-02,2028-02,2028-02,2029-02,24,2262-DB,FARMATEC
Q-IVERMEC 3.5,Q-IVERMEC 3.5 X 50 ML,1500,601QI01,500,2026-01,2029-01,2029-01,2030-01,36,8008-MV,DECNO
Q-IVERMEC 3.5,Q-IVERMEC 3.5 ML X 250 ML,500,601QI01,500,2026-01,2029-01,2029-01,2030-01,36,8008-MV,DECNO
Q-IVERMEC 3.5,Q-IVERMEC 3.5 X 500 ML,600,601QI01,500,2026-01,2029-01,2029-01,2030-01,36,8008-MV,DECNO
AUROFARVIT ORAL,AUROFARVIT ORAL X 4000 ML,250,511FO18,1000 L,2026-01,2028-01,2028-01,2029-01,24,4919-DB,QOPPA
SULFATROPHIN ORAL,SULFATROPHIN ORAL X 1000 ML,1000,601SO01,1000 L,2026-02,2028-02,2028-02,2029-02,24,5630-DB,QOPPA
VANOVET,VANOVET X 120 ML,4167,511VV07,1000 L,2026-02,2029-02,2029-02,2030-02,36,2497-DB,FARMATEC
VANOVET,VANOVET X 1000 ML,500,511VV07,1000 L,2026-02,2029-02,2029-02,2030-02,36,2497-DB,FARMATEC
Q-OXY 200,Q-OXY 200 L.A X 50 ML,1500,601OX01,500 L,2026-02,2028-02,2028-02,2029-02,24,8107-MV,DECNO
Q-OXY 200,Q-OXY 200 L.A X 100 ML,1250,601OX01,500 L,2026-02,2028-02,2028-02,2029-02,24,8107-MV,DECNO
Q-OXY 200,Q-OXY 200 L.A X 250 ML,1200,601OX01,500 L,2026-02,2028-02,2028-02,2029-02,24,8107-MV,DECNO
AUROPETS JABON,AUROPETS JABON X 100 G,5000,601AJ01,1000 KG,2026-02,2029-02,2029-02,2030-02,36,10524-MV,ARJONA
AURO UNGÜENTO,AURO UNGUENTO X 100 G,1000,601UG01,200 KG,2026-02,2030-02,2030-02,2031-02,48,3439-BD,QOPPA
AURO UNGÜENTO,AURO UNGUENTO X 500 G,200,601UG01,200 KG,2026-02,2030-02,2030-02,2031-02,48,3439-BD,QOPPA
CABATEL NF,CABATEL NF X 20 ML,150,501CN01,300 L,2026-02,2028-02,2028-02,2029-02,24,10488-MV,QOPPA
CABATEL NF,CABATEL NF X 500 ML,594,501CN01,300 L,2026-02,2028-02,2028-02,2029-02,24,10488-MV,QOPPA
Q-NORFLOXAN,Q-NORFLOXAN X 20 ML,2400,601NF01,1000 L,2026-01,2028-07,2028-07,2029-07,30,7933-MV,QOPPA
Q-NORFLOXAN,Q-NORFLOXAN X 100 ML,9520,601NF01,1000 L,2026-01,2028-07,2028-07,2029-07,30,7933-MV,QOPPA
AUROFARVIT INYECTABLE,AUROFARVIT INYECTABLE  X 10 ML - Caja x 12 Frascos,3100,602FI01,500 L,2026-02,2028-02,2028-02,2029-02,24,4946-DB,DECNO
AUROFARVIT INYECTABLE,AUROFARVIT INYECTABLE  X 50 ML,31380,602FI01,500 L,2026-02,2028-02,2028-02,2029-02,24,4946-DB,DECNO
AUROFARVIT INYECTABLE,AUROFARVIT INYECTABLE X 100 ML,2000,602FI01,500 L,2026-02,2028-02,2028-02,2029-02,24,4946-DB,DECNO
AUROFARVIT INYECTABLE,AUROFARVIT INYECTABLE X 500 ML,220,602FI01,500 L,2026-02,2028-02,2028-02,2029-02,24,4946-DB,DECNO
AUROFARVIT INYECTABLE,AUROFARVIT INYECTABLE X 250 ML,2000,602FI02,500L,2026-02,2028-02,2028-02,2029-02,24,4946-DB,DECNO
CIPERMETRINA 15 EC AUROFARMA,CIPERMETRINA 15 EC AUROFARMA X 500 ML,3000,602CI01,2000 L,2026-02,2029-02,2029-02,2030-02,36,6671-MV,INSEC
CIPERMETRINA 15 EC AUROFARMA,CIPERMETRINA 15 EC AUROFARMA X 1000 ML,500,602CI01,2000 L,2026-02,2029-02,2029-02,2030-02,36,6671-MV,INSEC
CIPERMETRINA 15 EC AUROFARMA,CIPERMETRINA 15 EC AUROFARMA X 1000 ML,2000,602CI02,2000 L,2026-02,2029-02,2029-02,2030-02,36,6671-MV,INSEC
CIPERMETRINA 15 EC AUROFARMA,CIPERMETRINA 15 EC AUROFARMA X 1000 ML,2000,602CI03,2000 L,2026-02,2029-02,2029-02,2030-02,36,6671-MV,INSEC
PORCIX,PORCIX X 20 G,15000,602PO01,300 KG,2026-02,2030-02,2030-02,2031-02,48,2539-DB,FARMANDINA
PORCIX,PORCIX X 20 G,15000,602PO02,300 KG,2026-03,2030-03,2030-03,2031-03,48,2539-DB,FARMANDINA
CIPERMETRINA 15 EC AUROFARMA,CIPERMETRINA 15 EC AUROFARMA X 100 ML,9000,603CI04,2000 L,2026-03,2029-03,2029-03,2030-03,36,6671-MV,INSEC
CIPERMETRINA 15 EC AUROFARMA,CIPERMETRINA 15 EC AUROFARMA X 1000 ML,1100,603CI04,2000 L,2026-03,2029-03,2029-03,2030-03,36,6671-MV,INSEC
CIPERMETRINA 15 EC AUROFARMA,CIPERMETRINA 15 EC AUROFARMA X 500 ML,4000,603CI05,2000 L,2026-03,2029-03,2029-03,2030-03,36,6671-MV,INSEC
CIPERMETRINA 15 EC AUROFARMA,CIPERMETRINA 15 EC AUROFARMA X 1000 ML EMIRATOS,2000,603CI06,2000 L,2026-03,2029-03,,2030-03,,,INSEC
CIPERMETRINA 15 EC AUROFARMA,CIPERMETRINA 15 EC AUROFARMA X 1000 ML,1000,603CI07,2000 L,2026-03,2029-03,2029-03,2030-03,36,6671-MV,INSEC
CIPERMETRINA 15 EC AUROFARMA,CIPERMETRINA 15 EC AUROFARMA X 1000 ML EMIRATOS,1000,603CI07,2000 L,2026-03,2029-03,,2030-03,,6671-MV,INSEC
AUROZOLE 25 CO,AUROZOLE 25 CO X 1000 ML,1000,601AZ01,1000 L,2026-03,2028-03,2028-03,2029-03,24,6631-MV,QOPPA
VANOVET,VANOVET X 1000 ML,3,511VV08,1001 L,2026-03,2029-03,2029-03,2030-03,36,2497-DB,FARMATEC
VANOVET,VANOVET X 3750 ML,266,511VV08,1001 L,2026-03,2029-03,2029-03,2030-03,36,2497-DB,FARMATEC
FLORMIX,FLORMIX X 1000 ML,1000,603FX01,1000 L,2026-03,2028-03,2028-03,2029-03,24,10453-MV,QOPPA
FLORMIX,FLORMIX X 2000 ML,500,603FX02,1000 L,2026-03,2028-03,2028-03,2029-03,24,10453-MV,QOPPA
FLORMIX,FLORMIX X 4000 ML,125,603FX03,500 L,2026-03,2028-03,2028-03,2029-03,24,10453-MV,QOPPA
AUROFARVIT ORAL,AUROFARVIT ORAL X 120 ML,8334,604FO04,1000 L,2026-04,2028-04,2028-04,2029-04,24,4919-DB,QOPPA
AUROFARVIT ORAL,AUROFARVIT ORAL  X 1000 ML,1000,604FO03,1000 L,2026-04,2028-04,2028-04,2029-04,24,4919-DB,QOPPA
AUROFARVIT ORAL,AUROFARVIT ORAL X 4000 ML,250,604FO02,1000L,2026-04,2028-04,2028-04,2029-04,24,4919-DB,QOPPA
AUROFARVIT ORAL,AUROFARVIT ORAL X 4000 ML,250,604FO01,1000 L,2026-04,2028-04,2028-04,2029-04,24,4919-DB,QOPPA
CIPERMETRINA 15 EC AUROFARMA,CIPERMETRINA 15 EC AUROFARMA X 1000 ML,2000,604CI08,1000 L,2026-05,2029-05,2029-05,2030-05,36,6671-MV,INSEC
CIPERMETRINA 15 EC AUROFARMA,CIPERMETRINA 15 EC AUROFARMA X 1000 ML,2000,604CI09,1000 L,2026-05,2029-05,2029-05,2030-05,36,6671-MV,INSEC
CIPERMETRINA 15 EC AUROFARMA,CIPERMETRINA 15 EC AUROFARMA X 1000 ML,2000,604CI10,1000 L,2026-05,2029-05,2029-05,2030-05,36,6671-MV,INSEC
CIPERMETRINA 15 EC AUROFARMA,CIPERMETRINA 15 EC AUROFARMA X 100 ML,7000,604CI11,2000 L,2026-05,2029-05,2029-05,2030-05,36,6671-MV,INSEC
CIPERMETRINA 15 EC AUROFARMA,CIPERMETRINA 15 EC AUROFARMA X 500 ML,2600,604CI11,2000 L,2026-05,2029-05,2029-05,2030-05,36,6671-MV,INSEC
CIPERMETRINA 15 EC AUROFARMA,CIPERMETRINA 15 EC AUROFARMA X 500 ML,1800,604CI12,2000 L,2026-05,2029-05,2029-05,2030-05,36,6671-MV,INSEC
CIPERMETRINA 15 EC AUROFARMA,CIPERMETRINA 15 EC AUROFARMA X 1000 ML,1100,604CI12,2000 L,2026-05,2029-05,2029-05,2030-05,36,6671-MV,INSEC
PORCIX,PORCIX X 20 G,15000,602PO01,300 KG,2026-05,2030-05,2030-05,2031-05,48,2539-DB,PROQUIVET
PORCIX,PORCIX X 20 G,15000,602PO02,300 KG,2026-05,2030-05,2030-05,2031-05,48,2539-DB,PROQUIVET
PORCIX,PORCIX X 20 G,10000,602PO03,200 KG,2026-05,2030-05,2030-05,2031-05,48,2539-DB,PROQUIVET
ANAPIRAN FRASCO,ANAPIRAN FRASCO X 50 ML,1000,602AN01,500 L,2026-05,2028-05,2028-05,2029-05,24,5906-DB,DECNO
ANAPIRAN INYECTABLE,ANAPIRAN INYECTABLE X 250 ML,1000,602AN01,500 L,2026-05,2028-05,2028-05,2029-05,24,5906-DB,DECNO
ANAPIRAN FRASCO,ANAPIRAN FRASCO X 500 ML,400,602AN01,500 L,2026-05,2028-05,2028-05,2029-05,24,5906-DB,DECNO
MELOXIDOL,MELOXIDOL X 50 ML,150,602ME01,200 L,2026-05,2028-05,2028-05,2029-05,24,7872-MV,DECNO
MELOXIDOL,MELOXIDOL X 100 ML,1925,602ME01,200 L,2026-05,2028-05,2028-05,2029-05,24,7872-MV,DECNO
MELOXIDOL,MELOXIDOL X 50 ML,3500,602ME02,200 L,2026-05,2028-05,2028-05,2029-05,24,7872-MV,DECNO
MELOXIDOL,MELOXIDOL X 100 ML,3300,602ME02,200 L,2026-05,2028-05,2028-05,2029-05,24,7872-MV,DECNO
SULFATROPHIN ORAL,SULFATROPHIN ORAL X 1000 ML,1000,605SO02,1000 L,2026-05,2028-05,2028-05,2029-05,24,5630-DB,QOPPA
SULFATROPHIN ORAL,SULFATROPHIN ORAL X 1000 ML,1000,605SO03,1000 L,2026-05,2028-05,2028-05,2029-05,24,5630-DB,QOPPA
SULFATROPHIN ORAL,SULFATROPHIN ORAL X 10 ML,1000,605SO04,1000 L,2026-05,2028-05,2028-05,2029-05,24,5630-DB,QOPPA
SULFATROPHIN ORAL,SULFATROPHIN ORAL X 50 ML,3500,605SO04,1000 L,2026-05,2028-05,2028-05,2029-05,24,5630-DB,QOPPA
SULFATROPHIN ORAL,SULFATROPHIN ORAL X 100 ML,7250,605SO04,1000 L,2026-05,2028-05,2028-05,2029-05,24,5630-DB,QOPPA
Q-OXY 200,Q-OXY 200 L.A X 500 ML,2000,601OX02,1000 L,2026-05,2028-05,2028-05,2029-05,24,8107-MV,DECNO
AUROTEL,AUROTEL X 250 ML,1600,605AU01,400 L,2026-06,2028-06,2028-06,2029-06,24,4474-DB,QOPPA
AUROTEL,AUROTEL X 250 ML,800,605AU02,200 L,2026-06,2028-06,2028-06,2029-06,24,4474-DB,QOPPA
QTYCON,QTYCON X 30  G,10000,603QT01,300 KG,2026-05,2028-05,2028-05,2029-05,24,5554-MV,QOPPA
FERRYDECK,FERRYDECK X 10 ML,7000,604FD01,300 L,2026/08,2028/08,2028-08,2029-08,24,11013-MV,DECNO
FERRYDECK,FERRYDECK X 50 ML,3800,604FD01,300 L,2026/08,2028/08,2028-08,2029-08,24,11013-MV,DECNO
FERRYDECK,FERRYDECK X 100 ML,400,604FD01,300 L,2026/08,2028/08,2028-08,2029-08,24,11013-MV,DECNO
AUROMECK INYECTABLE,AUROMECK INYECTABLE X 50 ML,1000,605AM02,300 L,2026-06,2029-06,2029-06,2030-06,36,5304-DB,DECNO
AUROMECK INYECTABLE,AUROMECK INYECTABLE X 200 ML,450,605AM02,300 L,2026-06,2029-06,2029-06,2030-06,36,5304-DB,DECNO
AUROMECK INYECTABLE,AUROMECK INYECTABLE X 500 ML,320,605AM02,300 L,2026-06,2029-06,2029-06,2030-06,36,5304-DB,DECNO
Q-IVERMEC 3.5,Q-IVERMEC 3.5 X 50 ML,1500,605QI02,1000 L,2026-06,2029-06,2029-06,2030-06,36,8008-MV,DECNO
Q-IVERMEC 3.5,Q-IVERMEC 3.5 ML X 250 ML,1500,605QI02,1000 L,2026-06,2029-06,2029-06,2030-06,36,8008-MV,DECNO
Q-IVERMEC 3.5,Q-IVERMEC 3.5 X 500 ML,1100,605QI02,1000 L,2026-06,2029-06,2029-06,2030-06,36,8008-MV,DECNO
AUROZOLE 25 CO,AUROZOLE 25 CO X 2000 ML,500,605AZ02,1000 L,2026-06,2028-06,2028-06,2029-06,24,6631-MV,QOPPA
AUROZOLE 25 CO,AUROZOLE 25 CO X 120 ML,2500,605AZ03,1000 L,2026-06,2028-06,2028-06,2029-06,24,6631-MV,QOPPA
AUROZOLE 25 CO,AUROZOLE 25 CO X 500 ML,1112,605AZ03,1000 L,2026-06,2028-06,2028-06,2029-06,24,6631-MV,QOPPA
AUROZOLE 25 CO,AUROZOLE 25 CO X 1000 ML,144,605AZ03,1000 L,2026-06,2028-06,2028-06,2029-06,24,6631-MV,QOPPA
AUROFRESH CHAMPU,AUROFRESH CHAMPU X 120ML MASCOTAS,8334,606AF01,1000 L,2026-06,2028-06,2028-06,2029-06,24,10506-MV,QOPPA
AUROFRESH CHAMPU,AUROFRESH CHAMPU X 250ML MASCOTAS,400,606AF02,1000 L,2026-06,2028-06,2028-06,2029-06,24,10506-MV,QOPPA
AUROFRESH CHAMPU,AUROFRESH CHAMPU X 1000ML MASCOTAS,300,606AF02,1000 L,2026-06,2028-06,2028-06,2029-06,24,10506-MV,QOPPA
AUROFRESH CHAMPU,AUROFRESH CHAMPU X 2000ML EQUINOS,300,606AF02,1000 L,2026-06,2028-06,2028-06,2029-06,24,10506-MV,QOPPA
CABATEL,CABATEL X 20 ML,4500,606CA01,100 L,2026-06,2029-06,2029-06,2030-06,36,2332-DB,QOPPA
CABATEL,CABATEL X 500 ML,20,606CA01,100 L,2026-06,2029-06,2029-06,2030-06,36,2332-DB,QOPPA
AUROPETS JABON,AUROPETS JABON X 100 G,10000,606AJ02,1000 KG,2026-06,2029-06,2029-06,2030-06,36,10524-MV,ARJONA
ERIPANTO,ERIPANTO X 24 G,12500,606EP01,300 KG ,2026-06,2029-06,2029-06,2030-06,36,2347-DB,PROQUIVET
AUROCHAMPU-P,AUROCHAMPU-P X 120 ML,2000,606AP01,240 L,2026-07,2029-07,2029-07,2030-07,36,6343-MV,RATAR
AUROCHAMPU-P,AUROCHAMPU-P X 120 ML,2000,606AP02,240 L,2026-07,2029-07,2029-07,2030-07,36,6343-MV,RATAR
AUROCHAMPU-P,AUROCHAMPU-P X 120 ML,1000,606AP03,120 L,2026-06,2029-06,2029-06,2030-06,36,6343-MV,RATAR
RAFOXANIDE,RAFOXANIDE X 30 ML,2100,606RA01,400 L,2026-06,2029-06,2029-06,2030-06,36,3678-DB,PROQUIVET
RAFOXANIDE,RAFOXANIDE X 120 ML,2809,606RA01,400 L,2026-06,2029-06,2029-06,2030-06,36,3678-DB,PROQUIVET
RAFOXANIDE,RAFOXANIDE X 1000 ML,500,606RA02,500 L,2026-06,2029-06,2029-06,2030-06,36,3678-DB,PROQUIVET
CIPERMETRINA 15 EC AUROFARMA,CIPERMETRINA 15 EC AUROFARMA X 1000 ML,2000,606CI13,2000 L,2026 -06,2029-06,2029-06,2030-06,36,6671-MV,INSEC
AUROTILMICOSIN GOTERO,AUROTILMICOSIN GOTERO X 10 ML   -  Caja x 12 goteros,29984,606AT01,500 L,2026-07,2029-07,2029-07,2030-07,36,10424-MV,QOPPA
AUROTILMICOSIN,AUROTILMICOSIN X 240 ML,834,606AT01,500 L,2026-07,2029-07,2029-07,2030-07,36,10424-MV,QOPPA
AUROTILMICOSIN,AUROTILMICOSIN X 1 L,500,606AT02,500 L,2026-07,2029-07,2029-07,2030-07,36,10424-MV,QOPPA
Q-NORFLOXAN,Q-NORFLOXAN X 20 ML,20000,606NF02,1000 L,2026-06,2028-12,2028-12,2029-12,30,7933-MV,QOPPA
Q-NORFLOXAN,Q-NORFLOXAN X 100 ML,6000,606NF02,1000 L,2026-06,2028-12,2028-12,2029-12,30,7933-MV,QOPPA
Q-NORFLOXAN,Q-NORFLOXAN X 1000 ML,1000,606NF03,1000 L,2026-06,2028-12,2028-12,2029-12,30,7933-MV,QOPPA
Q-NORFLOXAN,Q-NORFLOXAN X 1000 ML,1000,606NF04,1000 L,2026-07,2028-12,2029-01,2029-12,30,7933-MV,QOPPA
AURO UNGÜENTO,AURO UNGUENTO X 100 G,800,606UG02,200 KG,2026-07,2030-07,2030-07,2031-07,48,3439-BD,QOPPA
AURO UNGÜENTO,AURO UNGUENTO X 500 G,240,606UG02,200 KG,2026-07,2030-07,2030-07,2031-07,48,3439-BD,QOPPA
VANOVET,VANOVET X 120 ML,21,606VV01,1000 L,2026-07,2029-07,2029-07,2030-07,36,2497-DB,FARMATEC
VANOVET,VANOVET X 3750 ML,266,606VV01,1000 L,2026-07,2029-07,2029-07,2030-07,36,2497-DB,FARMATEC
VANOVET,VANOVET X 120 ML,21,606VV02,1000 L,2026-07,2029-07,2029-07,2030-07,36,2497-DB,FARMATEC
VANOVET,VANOVET X 3750 ML,266,606VV02,1000 L,2026-07,2029-07,2029-07,2030-07,36,2497-DB,FARMATEC
AUROFARVIT ORAL,AUROFARVIT ORAL X 120 ML,8334,606FO05,1000 L,2026-07,2028-07,2028-07,2029-07,24,4919-DB,QOPPA
AUROFARVIT ORAL,AUROFARVIT ORAL X 120 ML,8334,606FO06,1000 L,2026-07,2028-07,2028-07,2029-07,24,4919-DB,QOPPA
AUROFARVIT ORAL,AUROFARVIT ORAL  X 1000 ML,1000,606FO07,1000 L,2026-07,2028-07,2028-07,2029-07,24,4919-DB,QOPPA
CIPERMETRINA,CIPERMETRINA 15 EC AUROFARMA X 1000 ML,2000,606CI14,2000 L,2026-07,2029-07,2029-07,2030-07,36,6671-MV,INSEC
CIPERMETRINA,CIPERMETRINA 15 EC AUROFARMA X 1000 ML,2000,606CI15,2000 L,2026-07,2029-07,2029-07,2030-07,36,6671-MV,INSEC
ERIPANTO INYECTABLE,ERIPANTO INYECTABLE X 100 ML,,608EI01,,,,,,36,4797-DB,DECNO
ERIPANTO INYECTABLE,ERIPANTO INYECTABLE X 250 ML,,608EI01,,,,,,36,4797-DB,DECNO
ERIPANTO INYECTABLE,ERIPANTO INYECTABLE X 50 ML,,608EI01,,,,,,36,4797-DB,DECNO
SULFATROPHIN INYECTABLE,SULFATROPHIN INYECTABLE X 10 ML,,608SI01,,,,,,36,5320-DB,DECNO
SULFATROPHIN INYECTABLE,SULFATROPHIN INYECTABLE X 50 ML,,608SI01,,,,,,36,5320-DB,DECNO
SULFATROPHIN INYECTABLE,SULFATROPHIN INYECTABLE X 100 ML,,608SI02,,,,,,36,5320-DB,DECNO
SULFATROPHIN INYECTABLE,SULFATROPHIN INYECTABLE X 50 ML,,608SI02,,,,,,36,5320-DB,DECNO
SULFATROPHIN INYECTABLE,SULFATROPHIN INYECTABLE X 100 ML,,608SI03,,,,,,36,5320-DB,DECNO
